/*
SQLyog Ultimate v11.13 (64 bit)
MySQL - 8.0.16 : Database - rubik_erp
*********************************************************************
*/

/*!40101 SET NAMES utf8 */;

/*!40101 SET SQL_MODE=''*/;

/*!40014 SET @OLD_UNIQUE_CHECKS=@@UNIQUE_CHECKS, UNIQUE_CHECKS=0 */;
/*!40014 SET @OLD_FOREIGN_KEY_CHECKS=@@FOREIGN_KEY_CHECKS, FOREIGN_KEY_CHECKS=0 */;
/*!40101 SET @OLD_SQL_MODE=@@SQL_MODE, SQL_MODE='NO_AUTO_VALUE_ON_ZERO' */;
/*!40111 SET @OLD_SQL_NOTES=@@SQL_NOTES, SQL_NOTES=0 */;
CREATE DATABASE /*!32312 IF NOT EXISTS*/`rubik_erp` /*!40100 DEFAULT CHARACTER SET utf8mb4 COLLATE utf8mb4_0900_ai_ci */ /*!80016 DEFAULT ENCRYPTION='N' */;

USE `rubik_erp`;

/*Table structure for table `cliente` */

DROP TABLE IF EXISTS `cliente`;

CREATE TABLE `cliente` (
  `id` int(10) NOT NULL AUTO_INCREMENT,
  `fecha_elaboracion` datetime DEFAULT NULL,
  `fecha_modificacion` datetime DEFAULT NULL,
  `empresa_id` int(10) DEFAULT NULL,
  `empresa` varchar(100) DEFAULT NULL,
  `unidad_id` int(10) DEFAULT NULL,
  `unidad` varchar(100) DEFAULT NULL,
  `usuario_id` int(10) DEFAULT NULL,
  `usuario` varchar(100) DEFAULT NULL,
  `activo` tinyint(1) DEFAULT '1',
  `clave_cliente` varchar(100) DEFAULT NULL,
  `razon_social` varchar(100) DEFAULT NULL,
  `nombre_corto` varchar(100) DEFAULT NULL,
  `rfc` varchar(100) DEFAULT NULL,
  `domicilio` varchar(100) DEFAULT NULL,
  `ciudad` varchar(100) DEFAULT NULL,
  `estado` varchar(100) DEFAULT NULL,
  `cp` varchar(100) DEFAULT NULL,
  `pais` varchar(100) DEFAULT NULL,
  `tipo_cliente` varchar(100) DEFAULT NULL,
  `dias_credito` int(10) DEFAULT NULL,
  `limite_credito` double DEFAULT NULL,
  `saldo_a_favor` double DEFAULT NULL,
  `saldo_pendiente` double DEFAULT NULL,
  `no_contable` varchar(100) DEFAULT NULL,
  `contacto_general_nombre` varchar(100) DEFAULT NULL,
  `contacto_general_email` varchar(100) DEFAULT NULL,
  `contacto_telefono_general` varchar(100) DEFAULT NULL,
  `contacto_venta_nombre` varchar(100) DEFAULT NULL,
  `contacto_venta_email` varchar(100) DEFAULT NULL,
  `contacto_venta_telefono` varchar(100) DEFAULT NULL,
  `contacto_contabilidad_nombre` varchar(100) DEFAULT NULL,
  `contacto_contabilidad_email` varchar(100) DEFAULT NULL,
  `contacto_contabilidad_telefono` varchar(100) DEFAULT NULL,
  `matriz` tinyint(1) DEFAULT '1',
  `sucursal` tinyint(1) DEFAULT '1',
  `id_matriz` int(10) DEFAULT NULL,
  `cuenta_clientes` varchar(100) DEFAULT NULL,
  `cuenta_pagos` varchar(100) DEFAULT NULL,
  `cuenta_anticipos` varchar(100) DEFAULT NULL,
  `cuenta_honorarios` varchar(100) DEFAULT NULL,
  PRIMARY KEY (`id`)
) ENGINE=InnoDB AUTO_INCREMENT=23 DEFAULT CHARSET=utf8;

/*Data for the table `cliente` */

insert  into `cliente`(`id`,`fecha_elaboracion`,`fecha_modificacion`,`empresa_id`,`empresa`,`unidad_id`,`unidad`,`usuario_id`,`usuario`,`activo`,`clave_cliente`,`razon_social`,`nombre_corto`,`rfc`,`domicilio`,`ciudad`,`estado`,`cp`,`pais`,`tipo_cliente`,`dias_credito`,`limite_credito`,`saldo_a_favor`,`saldo_pendiente`,`no_contable`,`contacto_general_nombre`,`contacto_general_email`,`contacto_telefono_general`,`contacto_venta_nombre`,`contacto_venta_email`,`contacto_venta_telefono`,`contacto_contabilidad_nombre`,`contacto_contabilidad_email`,`contacto_contabilidad_telefono`,`matriz`,`sucursal`,`id_matriz`,`cuenta_clientes`,`cuenta_pagos`,`cuenta_anticipos`,`cuenta_honorarios`) values (1,NULL,'2020-08-12 22:10:37',0,'',0,'',5,'EDER ABEL MARISCAL ESCAMILLA',1,'1','MEXICHEM COMPUESTOS, S.A. DE C.V.','','MCO061215JR5','AUTOPISTA ALTAMIRA, PUERTO INDUSTRIAL DE ALTAMIRA.','ALTAMIRA','TAMAULIPAS','89603','MEXICO','CREDITO',60,0,0,0,'','','','','','','','','','',0,0,0,'','','',''),(2,NULL,NULL,0,'',0,'',6,'KEREN LIZETH ECHEVERRIA GARCIA',1,'2','BASF MEXICANA, S.A. DE C.V.','',' BME8109104S6','AV. INSURGENTES SUR 975 ','ALTAMIRA','TAMAULIPAS','03710','MEXICO','CONTADO',0,0,0,0,'','','','','','','','','','',0,0,0,'','','',''),(3,NULL,'2020-07-21 20:26:26',0,'',0,'',4,'VALERIA ALEJANDRINA ROSARIO JIMENEZ',1,'3','STYROPEK MEXICO, S.A. DE C.V.','','SME140605850','FERNANDO MONTES DE OCA INT.71 CONDESA CUAHUTEMOC','MEXICO','','','MEXICO','CREDITO',60,0,0,0,'','','','','','','','','','',0,0,0,'','','',''),(4,NULL,NULL,0,'',0,'',6,'KEREN LIZETH ECHEVERRIA GARCIA',1,'4','ALTAMIRA SERVICIOS DE INFRAESTRUCTURA, S.A. DE C.V.','',' ASI981210D95','AV. DESARROLLO TEXTIL','ALTAMIRA','TAMAULIPAS',' 8960','MEXICO','CONTADO',0,0,0,0,'','','','','','','','','','',0,0,0,'','','',''),(5,NULL,'2020-06-17 15:43:25',0,'',0,'',6,'KEREN LIZETH ECHEVERRIA GARCIA',1,'5','THE CHEMOURS COMPANY MEXICO S. DE R.L. DE C.V.','','DPM000525554','LAGO ZURICH 245 INT.402-403 ','ALTAMIRA','TAMAULIPAS','11529','MEXICO','CONTADO',0,0,0,0,'','','Vikas.juyal@chemours.com','52 01 800 0623 570','','','','','','',0,0,0,'','','',''),(6,NULL,NULL,0,'',0,'',6,'KEREN LIZETH ECHEVERRIA GARCIA',1,'6','INEOS STYROLUTION MEXICANA, S.A. DE C.V.','',' SME1101034E1','AVENIDA INSURGENTES SUR 859 INT.1102 NAPOLES ','CIUDAD DE MEXICO','','03810','MEXICO','CONTADO',0,0,0,0,'','','','','','','','','','',0,0,0,'','','',''),(7,NULL,'2020-06-19 23:52:46',0,'',0,'',1,'JESUS ARMANDO SEQUERA LOYA',1,'7','INGENIO EL MANTE, S.A. DE C.V.','',' IMA9211033S4','PASEO DE LOS TAMARINDOS P4 INT.60 BOSQUES DE LAS LOMAS','CIUDAD DE MEXICO','TAMAULIPAS','','MEXICO','CREDITO',30,0,0,0,'','','','','','','','','','',0,0,0,'','','',''),(8,NULL,NULL,0,'',0,'',6,'KEREN LIZETH ECHEVERRIA GARCIA',1,'8','GRUPO R DE EXPLORACION MARINA S.A. DE C.V.','','GRE090525DUA','MARGEN DERECHO DEL RIO PANUCO','','VERACRUZ',' 9203','MEXICO','CONTADO',0,0,0,0,'','','','','','','','','','',0,0,0,'','','',''),(9,NULL,NULL,0,'',0,'',6,'KEREN LIZETH ECHEVERRIA GARCIA',1,'9','AB CALSA','',' ACA0401281AA','PASEO DE LA REFORMA 2620 INT.PISO 8 OF. 803-805','CIUDAD DE MEXICO','',' 1195','MEXICO','CONTADO',0,0,0,0,'','','','','','','','','','',0,0,0,'','','',''),(10,NULL,NULL,0,'',0,'',6,'KEREN LIZETH ECHEVERRIA GARCIA',1,'10','COMPAÑÍA MINERA AUTLÁN, S.A.B. DE C.V.','','MAU531005M39','CARRETERA MEXICO-TAMPICO KM 457 ','',' 92018','92018','MEXICO','CONTADO',0,0,0,0,'','','','','','','','','','',0,0,0,'','','',''),(11,NULL,NULL,0,'',0,'',6,'KEREN LIZETH ECHEVERRIA GARCIA',1,'11','COMPAÑIA MINERA AUTLAN, S.A.B. DE C.V','','MAU531005M39','CARRETERA MEXICO-TAMPICO KM 457 ','','TAMAULIPAS','92018','MEXICO','CONTADO',0,0,0,0,'','','','','','','','','','',0,0,0,'','','',''),(12,NULL,NULL,0,'',0,'',6,'KEREN LIZETH ECHEVERRIA GARCIA',1,'12','CIA. AZUCARERA DEL RIO GUAYALEJO, S.A. DE C.V.','','ARG840523EW9','PASEO DE LOS TAMARINDOS 60 4TO PISO ','','','05120','MEXICO','CONTADO',0,0,0,0,'','','','','','','','','','',0,0,0,'','','',''),(13,NULL,NULL,0,'',0,'',6,'KEREN LIZETH ECHEVERRIA GARCIA',1,'13','ESEASA OFFSHORE S.A DE C.V','',' EOF140113BG7','MONTCITO 38, DESPACHO 1, PISO 31 NAPOLES BENITO JUÁREZ','CIUDAD DE MEXICO','','03810','MEXICO','CREDITO',0,0,0,0,'','','','','','','','','','',0,0,0,'','','',''),(14,NULL,'2020-06-17 15:45:52',0,'',0,'',6,'KEREN LIZETH ECHEVERRIA GARCIA',1,'14','ALMACENAMIENTO Y LOGISTICA PORTUARIA S.A. DE C.V.','',' ALP070126EV4','MAR ROJO INT. 601 PUERTO INDUSTRIAL DE ALTAMIRA ','ALTAMIRA','TAMAULIPAS','89603','MEXICO','CONTADO',0,0,0,0,'','Erika Lee','Compras@alpasa.com.mx','52 01 800 0623 570','Erika Lee','Compras@alpasa.com.mx','52 01 800 0623 570','','','',0,0,0,'','','',''),(15,NULL,NULL,0,'',0,'',5,'EDER ABEL MARISCAL ESCAMILLA',1,'15','CREACIONES IGUAZU S.A. DE C.V.','','CIG041222UI7','C2 1100 FRACC. FIMEX','ALTAMIRA','TAMAULIPAS','89603','MEXICO','CREDITO',30,31,0,0,'','','','','Ing.  Javier Cárdenas Arellano','','','','','',0,0,0,'','','',''),(16,NULL,NULL,0,'',0,'',8,'LUIS HUMBERTO REYNA GURROLA',1,'16','INGENIO EL MANTER','','','','','','','MEXICO','CONTADO',0,0,0,0,'','RAFAEL LOPEZ','rafael.lopez@gsaenz.com.mx','','','','','','','',0,0,0,'','','',''),(17,NULL,'2020-08-12 22:10:19',0,'',0,'',5,'EDER ABEL MARISCAL ESCAMILLA',1,'17','NALCO DE MEXICO S. DE R. L. DE C.V.','','NME900531HM0','AV. MONTERREY, MIRAMAR SECTOR 1','ALTAMIRA','TAMAULIPAS','89604','MEXICO','CREDITO',0,63,0,0,'','Ing. Juan Jose Izaguirre ','juanjose.izaguirre@ecolab.com','','Ing. Estefany Ríos Ponce','estefany.rios@ecolab.com','','','','',0,0,0,'','','',''),(18,NULL,NULL,0,'',0,'',3,'GABRIELA ALEJANDRA BARRIOS REYNA',1,'18','SOLENIS TECHNOLOGIES MEXICO, S. DE R.L. DE C.V.','','','AV. SARA 4553 COL GUADALUPE TEPEYAC','CD. DE MEXICO','','07840','MEXICO','CREDITO',30,0,0,0,'','ING. SARA CARRIZALES','','','','','','','','',0,0,0,'','','',''),(19,NULL,NULL,0,'',0,'',8,'LUIS HUMBERTO REYNA GURROLA',1,'19','MEXICO CARBON MANUFACTURING','','','BLVD DE LOS RÍOS 9600','ALTAMIRA','TAMAULIPAS','','MEXICO','CREDITO',30,0,0,0,'','compras','compras@mxcb.co.mx','','Alejandro Leal','','','','','',0,0,0,'','','',''),(20,NULL,NULL,0,'',0,'',2,'LUIS HUMBERTO GOMEZ TIBURCIO',1,'20','REFINERIA MADERO','','PTI151101TE5','FRANCISCO I MADERO #3201','MADERO','TAMAULIPAS','89540','MEXICO','CREDITO',30,0,0,0,'','','','','Ing. Jorge A. Silva Garcia','jorge.alfredo.silva@pemex.com','8332291100','','','',0,0,0,'','','',''),(21,NULL,NULL,0,'',0,'',5,'EDER ABEL MARISCAL ESCAMILLA',1,'21','INGENIO TAMAZULA,S.A. DE C.V.','','ITA840522FS4','PASEO DE LOS TAMARINDOS P-4 INT.60 BOSQUES DE LAS LOMAS','CUAJIMALPA DE MORELOS','CIUDAD DE MÉXICO','','MEXICO','CREDITO',60,90,0,0,'','Julio Moreno','julio.moreno@gsaenz.com.mx ','55 7908 3294 ','','','','','','',0,0,0,'','','',''),(22,NULL,NULL,0,'',0,'',8,'LUIS HUMBERTO REYNA GURROLA',1,'22','VOPAK','','','PUERTO INDUSTRIAL','ALTAMIRA','TAMAULIPAS','','MEXICO','CREDITO',30,0,0,0,'','Carlos Rivera','','833 2 6020 71','compras','','','Angélica Arteaga','','',0,0,0,'','','','');

/*Table structure for table `configuracion` */

DROP TABLE IF EXISTS `configuracion`;

CREATE TABLE `configuracion` (
  `id` int(10) NOT NULL AUTO_INCREMENT,
  `serie_requisicion` varchar(5) DEFAULT NULL,
  `folio_requisicion` int(10) DEFAULT '0',
  `serie_orden_compra` varchar(5) DEFAULT NULL,
  `folio_orden_compra` int(10) DEFAULT '0',
  `serie_cotizacion` varchar(5) DEFAULT NULL,
  `folio_cotizacion` int(10) DEFAULT '0',
  `serie_remision` varchar(10) DEFAULT NULL,
  `folio_remision` int(5) DEFAULT NULL,
  `serie_factura` varchar(5) DEFAULT NULL,
  `folio_factura` int(10) DEFAULT '0',
  `autocompletar_totales` tinyint(1) DEFAULT '0',
  PRIMARY KEY (`id`)
) ENGINE=InnoDB AUTO_INCREMENT=2 DEFAULT CHARSET=utf8;

/*Data for the table `configuracion` */

insert  into `configuracion`(`id`,`serie_requisicion`,`folio_requisicion`,`serie_orden_compra`,`folio_orden_compra`,`serie_cotizacion`,`folio_cotizacion`,`serie_remision`,`folio_remision`,`serie_factura`,`folio_factura`,`autocompletar_totales`) values (1,'RQ',33,'OC',3,'CT',41,'RM',0,'FA',0,0);

/*Table structure for table `cotizacion_venta` */

DROP TABLE IF EXISTS `cotizacion_venta`;

CREATE TABLE `cotizacion_venta` (
  `id` int(10) NOT NULL AUTO_INCREMENT,
  `fecha_elaboracion` datetime DEFAULT NULL,
  `fecha_modificacion` datetime DEFAULT NULL,
  `empresa_id` int(10) DEFAULT NULL,
  `empresa` varchar(100) DEFAULT NULL,
  `unidad_id` int(10) DEFAULT NULL,
  `unidad` varchar(100) DEFAULT NULL,
  `usuario_id` int(10) DEFAULT NULL,
  `usuario` varchar(100) DEFAULT NULL,
  `estado_doc` varchar(100) DEFAULT NULL,
  `estado` varchar(100) DEFAULT NULL,
  `folio` varchar(100) DEFAULT NULL,
  `serie` varchar(100) DEFAULT NULL,
  `observaciones` text CHARACTER SET utf8 COLLATE utf8_general_ci,
  `tipo_documento` varchar(100) DEFAULT NULL,
  `tipo_archivo` varchar(100) DEFAULT NULL,
  `razon_cancelar` text CHARACTER SET utf8 COLLATE utf8_general_ci,
  `cliente_id` int(10) DEFAULT NULL,
  `cliente` varchar(100) DEFAULT NULL,
  `cliente_rfc` varchar(100) DEFAULT NULL,
  `metodo_pago` varchar(100) DEFAULT NULL,
  `moneda` varchar(100) DEFAULT NULL,
  `tipo_cambio` double(8,2) DEFAULT NULL,
  `importe` double(15,2) DEFAULT NULL,
  `descuento` double(10,1) DEFAULT NULL,
  `subtotal` double(15,2) DEFAULT NULL,
  `iva` double(10,1) DEFAULT NULL,
  `total` double(15,2) DEFAULT NULL,
  `porc_iva` int(10) DEFAULT NULL,
  `importe_letra` text CHARACTER SET utf8 COLLATE utf8_general_ci,
  `activo` tinyint(1) DEFAULT '1',
  `emisor_rfc` varchar(100) DEFAULT NULL,
  `emisor_nombre` varchar(100) DEFAULT NULL,
  `emisor_calle` varchar(100) DEFAULT NULL,
  `emisor_numero_exterior` varchar(100) DEFAULT NULL,
  `emisor_numero_interior` varchar(100) DEFAULT NULL,
  `emisor_codigo_postal` varchar(100) DEFAULT NULL,
  `emisor_colonia` varchar(100) DEFAULT NULL,
  `emisor_municipio` varchar(100) DEFAULT NULL,
  `emisor_estado` varchar(100) DEFAULT NULL,
  `emisor_pais` varchar(100) DEFAULT NULL,
  `receptor_nombre` varchar(100) DEFAULT NULL,
  `receptor_calle` varchar(100) DEFAULT NULL,
  `receptor_numero_exterior` varchar(100) DEFAULT NULL,
  `receptor_numero_interior` varchar(100) DEFAULT NULL,
  `receptor_codigo_postal` varchar(100) DEFAULT NULL,
  `receptor_colonia` varchar(100) DEFAULT NULL,
  `receptor_municipio` varchar(100) DEFAULT NULL,
  `receptor_estado` varchar(100) DEFAULT NULL,
  `receptor_pais` varchar(100) DEFAULT NULL,
  `vendedor_id` int(10) DEFAULT NULL,
  `vendedor` varchar(100) DEFAULT NULL,
  `dias_caduca` int(10) DEFAULT NULL,
  `condiciones_pago` text CHARACTER SET utf8 COLLATE utf8_general_ci,
  `condiciones_cotizacion` text CHARACTER SET utf8 COLLATE utf8_general_ci,
  `tiempo_tentrega` varchar(200) CHARACTER SET utf8 COLLATE utf8_general_ci DEFAULT NULL,
  `terminada_requisicion` tinyint(1) DEFAULT '0',
  `terminada_no_requisicion` tinyint(1) DEFAULT '0',
  `proyecto_id` int(10) DEFAULT NULL,
  `proyecto` varchar(200) CHARACTER SET utf8 COLLATE utf8_general_ci DEFAULT NULL,
  `solicitante` varchar(100) CHARACTER SET utf8 COLLATE utf8_general_ci DEFAULT NULL,
  `atencion` varchar(100) CHARACTER SET utf8 COLLATE utf8_general_ci DEFAULT NULL,
  `referencia_cliente` varchar(250) CHARACTER SET utf8 COLLATE utf8_general_ci DEFAULT NULL,
  PRIMARY KEY (`id`)
) ENGINE=InnoDB AUTO_INCREMENT=38 DEFAULT CHARSET=utf8;

/*Data for the table `cotizacion_venta` */

insert  into `cotizacion_venta`(`id`,`fecha_elaboracion`,`fecha_modificacion`,`empresa_id`,`empresa`,`unidad_id`,`unidad`,`usuario_id`,`usuario`,`estado_doc`,`estado`,`folio`,`serie`,`observaciones`,`tipo_documento`,`tipo_archivo`,`razon_cancelar`,`cliente_id`,`cliente`,`cliente_rfc`,`metodo_pago`,`moneda`,`tipo_cambio`,`importe`,`descuento`,`subtotal`,`iva`,`total`,`porc_iva`,`importe_letra`,`activo`,`emisor_rfc`,`emisor_nombre`,`emisor_calle`,`emisor_numero_exterior`,`emisor_numero_interior`,`emisor_codigo_postal`,`emisor_colonia`,`emisor_municipio`,`emisor_estado`,`emisor_pais`,`receptor_nombre`,`receptor_calle`,`receptor_numero_exterior`,`receptor_numero_interior`,`receptor_codigo_postal`,`receptor_colonia`,`receptor_municipio`,`receptor_estado`,`receptor_pais`,`vendedor_id`,`vendedor`,`dias_caduca`,`condiciones_pago`,`condiciones_cotizacion`,`tiempo_tentrega`,`terminada_requisicion`,`terminada_no_requisicion`,`proyecto_id`,`proyecto`,`solicitante`,`atencion`,`referencia_cliente`) values (1,'2020-07-20 15:15:19','2020-07-20 15:34:30',0,'',0,'',3,'GABRIELA ALEJANDRA BARRIOS REYNA','TERMINADO','','CT00001','','','COTIZACION DE VENTA','PDF','',2,'BASF MEXICANA, S.A. DE C.V. ',' BME8109104S6','TRANSFERENCIA','DOLARES',1.00,371.65,0.0,371.65,59.0,430.65,16,'CUATROCIENTOS TREINTA 65/100 USD ',1,'IWS140818UY0','IMPELLER WELL SERVICES, S.A. DE C.V.','Emilio Castán # 203 Col. 2 de Junio',NULL,NULL,'89327',NULL,'Tampico','Tamaulipas','MEXICO','BASF MEXICANA, S.A. DE C.V. ','AV. INSURGENTES SUR 975 ',NULL,NULL,'03710',NULL,'ALTAMIRA','TAMAULIPAS','MEXICO',NULL,'GABRIELA ALEJANDRA BARRIOS REYNA',30,'CREDITO','','5  A 7 SEMANAS',0,0,1,'SIN PROYECTO','ING. CARLOS BAUTISTA','ING. MARIO SOTO','SILENCIADOR VTM-8'),(2,'2020-07-20 20:52:48','2020-07-22 17:37:58',0,'',0,'',3,'GABRIELA ALEJANDRA BARRIOS REYNA','TERMINADO','','CT00002','','','COTIZACION DE VENTA','PDF','',2,'BASF MEXICANA, S.A. DE C.V. ',' BME8109104S6','TRANSFERENCIA','PESOS',1.00,27172.61,0.0,27172.61,4347.0,31519.61,16,'TREINTA Y UN MIL QUINIENTOS DIECINUEVE Y 61/100 PESOS MEXICANOS.',1,'IWS140818UY0','IMPELLER WELL SERVICES, S.A. DE C.V.','Emilio Castán # 203 Col. 2 de Junio',NULL,NULL,'89327',NULL,'Tampico','Tamaulipas','MEXICO','BASF MEXICANA, S.A. DE C.V. ','AV. INSURGENTES SUR 975 ',NULL,NULL,'03710',NULL,'ALTAMIRA','TAMAULIPAS','MEXICO',NULL,'GABRIELA ALEJANDRA BARRIOS REYNA',30,'CREDITO','','1 SEMANA ',0,0,1,'SIN PROYECTO','ING. JONATHAN CASTILLO','ING. MARIO SOTO','OT 807995817'),(3,'2020-07-20 23:19:32','2020-07-20 23:22:31',0,'',0,'',5,'EDER ABEL MARISCAL ESCAMILLA','TERMINADO','','CT00003','','','COTIZACION DE VENTA','PDF','',6,' INEOS STYROLUTION MEXICANA, S.A. DE C.V. ',' SME1101034E1','TRANSFERENCIA','PESOS',1.00,12000.00,0.0,12000.00,1920.0,13920.00,16,'TRECE MIL NOVECIENTOS VEINTE Y 0/100 PESOS MEXICANOS.',1,'IWS140818UY0','IMPELLER WELL SERVICES, S.A. DE C.V.','Emilio Castán # 203 Col. 2 de Junio',NULL,NULL,'89327',NULL,'Tampico','Tamaulipas','MEXICO',' INEOS STYROLUTION MEXICANA, S.A. DE C.V. ','AVENIDA INSURGENTES SUR 859 INT.1102 NAPOLES ',NULL,NULL,'03810',NULL,'CIUDAD DE MEXICO','','MEXICO',NULL,'EDER ABEL MARISCAL ESCAMILLA',30,'CREDITO','','3 SEMANAS',0,0,1,'SIN PROYECTO','ING. MARTIN MARTINEZ','ING. JESUS GONZALEZ',''),(4,'2020-07-21 20:37:57','2020-07-21 21:20:58',0,'',0,'',4,'VALERIA ALEJANDRINA ROSARIO JIMENEZ','TERMINADO','','CT00004','','','COTIZACION DE VENTA','PDF','',3,'STYROPEK MEXICO, S.A. DE C.V.','SME140605850','TRANSFERENCIA','DOLARES',1.00,3184.61,0.0,3184.61,509.0,3693.61,16,'TRES MIL SEISCIENTOS NOVENTA Y TRES Y 61/100 DOLARES.',1,'IWS140818UY0','IMPELLER WELL SERVICES, S.A. DE C.V.','Emilio Castán # 203 Col. 2 de Junio',NULL,NULL,'89327',NULL,'Tampico','Tamaulipas','MEXICO','STYROPEK MEXICO, S.A. DE C.V.','FERNANDO MONTES DE OCA INT.71 CONDESA CUAHUTEMOC',NULL,NULL,'',NULL,'MEXICO','','MEXICO',NULL,'VALERIA ALEJANDRINA ROSARIO JIMENEZ',30,'CREDITO','','1 SEMANA ',0,0,1,'SIN PROYECTO','','ING. MIGUEL ÁNGEL FLORES REYES ','RFQ 10056056'),(5,'2020-07-22 14:38:28','2020-07-22 14:52:48',0,'',0,'',5,'EDER ABEL MARISCAL ESCAMILLA','TERMINADO','','CT00005','','SUMINISTRO DE MANO DE OBRA CALIFICADA Y MATERIALES 						NECESARIOS PARA REALIZAR MANTENIMIENTO A  BOMBA						ELÉCTRICA TIPO JOKEY','COTIZACION DE VENTA','PDF','',15,'CREACIONES IGUAZU S.A. DE C.V.','CIG041222UI7','TRANSFERENCIA','PESOS',1.00,30000.00,0.0,30000.00,4800.0,34800.00,16,'TREINTA Y CUATRO MIL OCHOCIENTOS Y 0/100 PESOS MEXICANOS.',1,'IWS140818UY0','IMPELLER WELL SERVICES, S.A. DE C.V.','Emilio Castán # 203 Col. 2 de Junio',NULL,NULL,'89327',NULL,'Tampico','Tamaulipas','MEXICO','CREACIONES IGUAZU S.A. DE C.V.','C2 1100 FRACC. FIMEX',NULL,NULL,'89603',NULL,'ALTAMIRA','TAMAULIPAS','MEXICO',NULL,'EDER ABEL MARISCAL ESCAMILLA',15,'CREDITO','SE INCLUYE:\nCONSISTE EN 						\nA)	BLOQUEO ELÉCTRICO						\nB)	DESACOPLAR BOMBA						\nC)	REVISIÓN DE COPLE						\nD)	REVISIÓN DE VENTILADOR						\nE)	REVISIÓN DE ALINEACIÓN						\nF)	MEGUEO DE MOTOR						\nG)	REVISIÓN DE CONEXIONES						\nH)	REVISIÓN DE EMPAQUES 	','INMEDIATO',0,0,1,'SIN PROYECTO','ING. JAVIER CARDENAS ARELLANO ','',''),(6,'2020-07-23 17:32:08','2020-08-04 14:58:42',0,'',0,'',3,'GABRIELA ALEJANDRA BARRIOS REYNA','EN PROCESO','','CT00006','','','COTIZACION DE VENTA','PDF','',2,'BASF MEXICANA, S.A. DE C.V. ',' BME8109104S6','TRANSFERENCIA','DOLARES',1.00,1086.00,0.0,1086.00,173.0,1259.00,16,'UN MIL DOSCIENTOS CINCUENTA Y NUEVE Y 0/100 PESOS MEXICANOS.',1,'IWS140818UY0','IMPELLER WELL SERVICES, S.A. DE C.V.','Emilio Castán # 203 Col. 2 de Junio',NULL,NULL,'89327',NULL,'Tampico','Tamaulipas','MEXICO','BASF MEXICANA, S.A. DE C.V. ','AV. INSURGENTES SUR 975 ',NULL,NULL,'03710',NULL,'ALTAMIRA','TAMAULIPAS','MEXICO',NULL,'GABRIELA ALEJANDRA BARRIOS REYNA',30,'CREDITO','','4 A 6 SEMANAS',0,0,1,'SIN PROYECTO','ING. MISAEL SALAZAR','ING. MARIO SOTO','OT 807687902'),(7,'2020-07-28 16:57:58','2020-08-04 15:01:43',0,'',0,'',3,'GABRIELA ALEJANDRA BARRIOS REYNA','EN PROCESO','','CT00007','','','COTIZACION DE VENTA','PDF','',2,'BASF MEXICANA, S.A. DE C.V. ',' BME8109104S6','TRANSFERENCIA','DOLARES',1.00,1829.25,0.0,1829.25,292.0,2121.25,16,'DOS MIL CIENTO VEINTIÚN DOLARES 25/100 USD ',1,'IWS140818UY0','IMPELLER WELL SERVICES, S.A. DE C.V.','Emilio Castán # 203 Col. 2 de Junio',NULL,NULL,'89327',NULL,'Tampico','Tamaulipas','MEXICO','BASF MEXICANA, S.A. DE C.V. ','AV. INSURGENTES SUR 975 ',NULL,NULL,'03710',NULL,'ALTAMIRA','TAMAULIPAS','MEXICO',NULL,'GABRIELA ALEJANDRA BARRIOS REYNA',30,'CREDITO','','2 SEMANAS ',0,0,1,'SIN PROYECTO','ING. JONATHAN CASTILLO','ING. MARIO SOTO','PENDIENTE'),(8,'2020-07-29 21:55:47','2020-07-29 22:11:24',0,'',0,'',8,'LUIS HUMBERTO REYNA GURROLA','TERMINADO','','CT00008','','','COTIZACION DE VENTA','PDF','',12,' CIA. AZUCARERA DEL RIO GUAYALEJO, S.A. DE C.V. ','ARG840523EW9','TRANSFERENCIA','PESOS',1.00,36500.00,0.0,36500.00,5840.0,42340.00,16,'CUARENTA Y DOS MIL TRECIENTOS CUARENTA Y 0/100 PESOS MEXICANOS.',1,'IWS140818UY0','IMPELLER WELL SERVICES, S.A. DE C.V.','Emilio Castán # 203 Col. 2 de Junio',NULL,NULL,'89327',NULL,'Tampico','Tamaulipas','MEXICO',' CIA. AZUCARERA DEL RIO GUAYALEJO, S.A. DE C.V. ','PASEO DE LOS TAMARINDOS 60 4TO PISO ',NULL,NULL,'05120',NULL,'','','MEXICO',NULL,'LUIS HUMBERTO REYNA GURROLA',7,'CREDITO','VIGENCIA 15 DIAS','5 SEMANAS',0,0,2,'MAQUINADO DE FLECHA DE BOMBA DE VACIO','RAFAEL LÓPEZ','RAFAEL LÓPEZ',''),(9,'2020-07-30 20:24:46','2020-07-30 20:24:46',0,'',0,'',8,'LUIS HUMBERTO REYNA GURROLA','EN PROCESO','','CT00009','','MAQUINADO DE FLECHA E IMPULSORES','COTIZACION DE VENTA','PDF','',12,' CIA. AZUCARERA DEL RIO GUAYALEJO, S.A. DE C.V. ','ARG840523EW9','TRANSFERENCIA','PESOS',1.00,57500.00,0.0,57500.00,9200.0,66700.00,16,'SESENTA Y SEIS MIL SETECIENTOS Y 0/100 PESOS MEXICANOS.',1,'IWS140818UY0','IMPELLER WELL SERVICES, S.A. DE C.V.','Emilio Castán # 203 Col. 2 de Junio',NULL,NULL,'89327',NULL,'Tampico','Tamaulipas','MEXICO',' CIA. AZUCARERA DEL RIO GUAYALEJO, S.A. DE C.V. ','PASEO DE LOS TAMARINDOS 60 4TO PISO ',NULL,NULL,'05120',NULL,'','','MEXICO',NULL,'LUIS HUMBERTO REYNA GURROLA',7,'CREDITO','REPARACIÓN  DE FLECHA DE BOMBA ','',0,0,3,'REPARACION DE ROTOR DE BOMBA','RAFALE LOPEZ','RAFAEL LOPEZ',''),(10,'2020-07-31 20:12:08','2020-08-04 14:58:23',0,'',0,'',3,'GABRIELA ALEJANDRA BARRIOS REYNA','EN PROCESO','','CT00010','','','COTIZACION DE VENTA','PDF','',2,'BASF MEXICANA, S.A. DE C.V. ',' BME8109104S6','TRANSFERENCIA','PESOS',1.00,14274.18,0.0,14274.18,2283.0,16557.18,16,'DIECISEIS MIL QUINIENTOS CINCUENTA Y SIETE PESOS 18/100 M.N. ',1,'IWS140818UY0','IMPELLER WELL SERVICES, S.A. DE C.V.','Emilio Castán # 203 Col. 2 de Junio',NULL,NULL,'89327',NULL,'Tampico','Tamaulipas','MEXICO','BASF MEXICANA, S.A. DE C.V. ','AV. INSURGENTES SUR 975 ',NULL,NULL,'03710',NULL,'ALTAMIRA','TAMAULIPAS','MEXICO',NULL,'GABRIELA ALEJANDRA BARRIOS REYNA',30,'CREDITO','','1 SEMANA ',0,0,1,'SIN PROYECTO','ING. JONATHAN CASTILLO','ING. MARIO SOTO','OT  808018226'),(11,'2020-07-31 20:11:45','2020-07-31 20:49:04',0,'',0,'',5,'EDER ABEL MARISCAL ESCAMILLA','TERMINADO','','CT00015','','CORRESPONDE A SERVICIO DE REPARACION DE BOMBA VERTICAL GOULDS VIT CT 5 ETAPAS AGUA DE RECHAZOS ','COTIZACION DE VENTA','PDF','',17,'NALCO DE MEXICO S. DE R. L. DE C.V.','NME900531HM0','TRANSFERENCIA','PESOS',1.00,119012.00,0.0,119012.00,19041.0,138053.00,16,'CIENTO TREINTA Y OCHO MIL CINCUENTA Y TRES Y 0/100 PESOS MEXICANOS.',1,'IWS140818UY0','IMPELLER WELL SERVICES, S.A. DE C.V.','Emilio Castán # 203 Col. 2 de Junio',NULL,NULL,'89327',NULL,'Tampico','Tamaulipas','MEXICO','NALCO DE MEXICO S. DE R. L. DE C.V.','AV. MONTERREY, MIRAMAR SECTOR 1',NULL,NULL,'89604',NULL,'ALTAMIRA','TAMAULIPAS','MEXICO',NULL,'EDER ABEL MARISCAL ESCAMILLA',30,'CREDITO','','15 DÍAS HÁBILES ',0,0,1,'SIN PROYECTO','ING. ESTEFANY RÍOS ','',''),(12,'2020-08-03 14:30:10','2020-08-03 15:40:16',0,'',0,'',5,'EDER ABEL MARISCAL ESCAMILLA','TERMINADO','','CT00016','','INCLUYE OPERADOR Y EQUIPO DE SEGURIDAD \n','COTIZACION DE VENTA','PDF','',17,'NALCO DE MEXICO S. DE R. L. DE C.V.','NME900531HM0','TRANSFERENCIA','PESOS',1.00,11200.00,0.0,11200.00,1792.0,12992.00,16,'DOCE MIL NOVECIENTOS NOVENTA Y DOS Y 0/100 PESOS MEXICANOS.',1,'IWS140818UY0','IMPELLER WELL SERVICES, S.A. DE C.V.','Emilio Castán # 203 Col. 2 de Junio',NULL,NULL,'89327',NULL,'Tampico','Tamaulipas','MEXICO','NALCO DE MEXICO S. DE R. L. DE C.V.','AV. MONTERREY, MIRAMAR SECTOR 1',NULL,NULL,'89604',NULL,'ALTAMIRA','TAMAULIPAS','MEXICO',NULL,'EDER ABEL MARISCAL ESCAMILLA',30,'CONTADO','SE COTIZA POR HORA\n\nCARGO MÍNIMO POR TURNO 4 HORAS PARA CUBRIR GASTOS OPERATIVOS. EL TIEMPO CORRE DESDE QUE EL EQUIPO INGRESA A PLANTA.','INMEDIATO',0,0,1,'SIN PROYECTO','ING. ESTEFANY RIOS','',''),(13,'2020-08-03 20:54:16','2020-08-04 21:20:34',0,'',0,'',5,'EDER ABEL MARISCAL ESCAMILLA','TERMINADO','','CT00017','','','COTIZACION DE VENTA','PDF','',6,' INEOS STYROLUTION MEXICANA, S.A. DE C.V. ',' SME1101034E1','TRANSFERENCIA','PESOS',1.00,3815.20,0.0,3815.20,610.0,4425.20,16,'CUATRO MIL CUATROCIENTOS VEINTE Y CINCO Y 2/100 PESOS MEXICANOS.',1,'IWS140818UY0','IMPELLER WELL SERVICES, S.A. DE C.V.','Emilio Castán # 203 Col. 2 de Junio',NULL,NULL,'89327',NULL,'Tampico','Tamaulipas','MEXICO',' INEOS STYROLUTION MEXICANA, S.A. DE C.V. ','AVENIDA INSURGENTES SUR 859 INT.1102 NAPOLES ',NULL,NULL,'03810',NULL,'CIUDAD DE MEXICO','','MEXICO',NULL,'EDER ABEL MARISCAL ESCAMILLA',7,'CREDITO','','1 DIA ',0,0,1,'SIN PROYECTO','ING. JUAN MARTIN MARTINEZ','ING. JESUS GONZALEZ MACIAS ','WILDEN P1702B'),(14,'2020-08-04 15:24:20','2020-08-04 15:24:20',0,'',0,'',3,'GABRIELA ALEJANDRA BARRIOS REYNA','EN PROCESO','','CT00018','','','COTIZACION DE VENTA','PDF','',18,'SOLENIS TECHNOLOGIES MEXICO, S. DE R.L. DE C.V.','','TRANSFERENCIA','DOLARES',1.00,985.50,0.0,985.50,157.0,1142.50,16,'UN MIL CIENTO CUARENTA Y DOS DOLARES 50/100 USD ',1,'IWS140818UY0','IMPELLER WELL SERVICES, S.A. DE C.V.','Emilio Castán # 203 Col. 2 de Junio',NULL,NULL,'89327',NULL,'Tampico','Tamaulipas','MEXICO','SOLENIS TECHNOLOGIES MEXICO, S. DE R.L. DE C.V.','AV. SARA 4553 COL GUADALUPE TEPEYAC',NULL,NULL,'07840',NULL,'CD. DE MEXICO','','MEXICO',NULL,'GABRIELA ALEJANDRA BARRIOS REYNA',30,'CREDITO','','3 A 4 SEMANAS',0,0,1,'SIN PROYECTO','ING. PAUL CHAVEZ/ING. JOEL TORRES','ING. SARA CARRIZALES','VIBRADOR R-1200'),(15,'2020-08-04 15:59:43','2020-08-04 17:49:43',0,'',0,'',3,'GABRIELA ALEJANDRA BARRIOS REYNA','EN PROCESO','','CT00019','','NO SE INCLUYE INSTALACIÓN DE LOS EQUIPOS. ','COTIZACION DE VENTA','PDF','',2,'BASF MEXICANA, S.A. DE C.V. ',' BME8109104S6','TRANSFERENCIA','DOLARES',1.00,3173.86,0.0,3173.86,507.0,3680.86,16,'TRES MIL SEISCIENTOS OCHENTA DOLARES 85/100 USD ',1,'IWS140818UY0','IMPELLER WELL SERVICES, S.A. DE C.V.','Emilio Castán # 203 Col. 2 de Junio',NULL,NULL,'89327',NULL,'Tampico','Tamaulipas','MEXICO','BASF MEXICANA, S.A. DE C.V. ','AV. INSURGENTES SUR 975 ',NULL,NULL,'03710',NULL,'ALTAMIRA','TAMAULIPAS','MEXICO',NULL,'GABRIELA ALEJANDRA BARRIOS REYNA',30,'CREDITO','','INDICADO EN CADA PARTIDA',0,0,1,'SIN PROYECTO','ING. MISAEL SALAZAR','ING. MARIO SOTO','COMPLEMENTOS BOMBA P-328/ DISPERSIONES '),(16,'2020-08-04 21:05:26','2020-08-04 21:05:26',0,'',0,'',8,'LUIS HUMBERTO REYNA GURROLA','EN PROCESO','','CT00020','','','COTIZACION DE VENTA','PDF','',19,'MEXICO CARBON MANUFACTURING','','TRANSFERENCIA','PESOS',1.00,455800.00,0.0,455800.00,72928.0,528728.00,16,'QUINIENTOS VEINTE Y OCHO MIL SETECIENTOS VEINTE Y OCHO Y 0/100 PESOS MEXICANOS.',1,'IWS140818UY0','IMPELLER WELL SERVICES, S.A. DE C.V.','Emilio Castán # 203 Col. 2 de Junio',NULL,NULL,'89327',NULL,'Tampico','Tamaulipas','MEXICO','MEXICO CARBON MANUFACTURING','BLVD DE LOS RÍOS 9600',NULL,NULL,'',NULL,'ALTAMIRA','TAMAULIPAS','MEXICO',NULL,'LUIS HUMBERTO REYNA GURROLA',7,'CREDITO','','',0,0,1,'SIN PROYECTO','COMPRAS','COMPRAS',''),(17,'2020-08-06 22:12:19','2020-08-06 22:26:56',0,'',0,'',8,'LUIS HUMBERTO REYNA GURROLA','EN PROCESO','','CT00021','','ESTA COTIZACIÓN AMPARA SOLO LO QUE EN ELLA SE MENCIONA','COTIZACION DE VENTA','PDF','',19,'MEXICO CARBON MANUFACTURING','','TRANSFERENCIA','PESOS',1.00,35500.00,0.0,35500.00,5680.0,41180.00,16,'CUARENTA Y UN MIL CIENTO OCHENTA Y 0/100 PESOS MEXICANOS.',1,'IWS140818UY0','IMPELLER WELL SERVICES, S.A. DE C.V.','Emilio Castán # 203 Col. 2 de Junio',NULL,NULL,'89327',NULL,'Tampico','Tamaulipas','MEXICO','MEXICO CARBON MANUFACTURING','BLVD DE LOS RÍOS 9600',NULL,NULL,'',NULL,'ALTAMIRA','TAMAULIPAS','MEXICO',NULL,'LUIS HUMBERTO REYNA GURROLA',7,'CREDITO','SE DEBE NOTIFICAR CON ANTICIPACIÓN LA LIBRANZA DEL EQUIPO','4 DIAS',0,0,1,'SIN PROYECTO','COMPRAS','COMPRAS',''),(18,'2020-08-07 15:37:10','2020-08-07 16:06:50',0,'',0,'',5,'EDER ABEL MARISCAL ESCAMILLA','TERMINADO','','CT00022','','NO SE INCLUYE RECORTE DE IMPULSOR','COTIZACION DE VENTA','PDF','',17,'NALCO DE MEXICO S. DE R. L. DE C.V.','NME900531HM0','TRANSFERENCIA','DOLARES',1.00,5550.00,0.0,5550.00,888.0,6438.00,16,'SEIS MIL CUATROCIENTOS TREINTA Y OCHO Y 0/100 USD.',1,'IWS140818UY0','IMPELLER WELL SERVICES, S.A. DE C.V.','Emilio Castán # 203 Col. 2 de Junio',NULL,NULL,'89327',NULL,'Tampico','Tamaulipas','MEXICO','NALCO DE MEXICO S. DE R. L. DE C.V.','AV. MONTERREY, MIRAMAR SECTOR 1',NULL,NULL,'89604',NULL,'ALTAMIRA','TAMAULIPAS','MEXICO',NULL,'EDER ABEL MARISCAL ESCAMILLA',30,'CREDITO','','SE INDICA EN CADA PARTIDA ',0,0,1,'SIN PROYECTO','ING. ESTAFANY RIOS ','ING. JUAN JOSE IZAGUIRRE',''),(19,'2020-08-07 17:09:03','2020-08-07 17:41:42',0,'',0,'',5,'EDER ABEL MARISCAL ESCAMILLA','TERMINADO','','CT00023','','','COTIZACION DE VENTA','PDF','',6,' INEOS STYROLUTION MEXICANA, S.A. DE C.V. ',' SME1101034E1','TRANSFERENCIA','PESOS',1.00,17824.36,0.0,17824.36,2851.0,20675.36,16,'VEINTE MIL SEISCIENTOS SETENTA Y CINCO Y 36/100 PESOS MEXICANOS.',1,'IWS140818UY0','IMPELLER WELL SERVICES, S.A. DE C.V.','Emilio Castán # 203 Col. 2 de Junio',NULL,NULL,'89327',NULL,'Tampico','Tamaulipas','MEXICO',' INEOS STYROLUTION MEXICANA, S.A. DE C.V. ','AVENIDA INSURGENTES SUR 859 INT.1102 NAPOLES ',NULL,NULL,'03810',NULL,'CIUDAD DE MEXICO','','MEXICO',NULL,'EDER ABEL MARISCAL ESCAMILLA',30,'CREDITO','RODAMIENTOS, ENGRANES Y MAQUINADOS SE COTIZAN POR SEPARADOS ','4 DIAS HABILES',0,0,1,'SIN PROYECTO','ING. JUAN MARTIN MARTINEZ','ING. JESUS GONZALEZ MACIAS','MTTO. REDUCTOR FILTRO BANDA '),(20,'2020-08-07 21:51:25','2020-08-08 00:47:42',0,'',0,'',2,'LUIS HUMBERTO GOMEZ TIBURCIO','EN PROCESO','','CT00024','','','COTIZACION DE VENTA','PDF','',20,'REFINERIA MADERO','PTI151101TE5','TRANSFERENCIA','PESOS',1.00,45000.00,0.0,45000.00,7200.0,52200.00,16,'CINCUENTA Y DOS MIL DOSCIENTOS PESOS 00/100 MN.',1,'IWS140818UY0','IMPELLER WELL SERVICES, S.A. DE C.V.','Emilio Castán # 203 Col. 2 de Junio',NULL,NULL,'89327',NULL,'Tampico','Tamaulipas','MEXICO','REFINERIA MADERO','FRANCISCO I MADERO #3201',NULL,NULL,'89540',NULL,'MADERO','TAMAULIPAS','MEXICO',NULL,'LUIS HUMBERTO GOMEZ TIBURCIO',45,'CREDITO','','15 DIAS',0,0,1,'SIN PROYECTO','ING. JORGE SILVA GARCIA','ING. JORGE SILVA GARCIA',''),(21,'2020-08-07 22:58:26','2020-08-08 00:51:00',0,'',0,'',2,'LUIS HUMBERTO GOMEZ TIBURCIO','EN PROCESO','','CT00025','','','COTIZACION DE VENTA','PDF','',20,'REFINERIA MADERO','PTI151101TE5','TRANSFERENCIA','PESOS',1.00,77000.00,0.0,77000.00,12320.0,89320.00,16,'OCHENTA Y NUEVE MIL TRECIENTOS VEINTE PESOS 00/100 MN.',1,'IWS140818UY0','IMPELLER WELL SERVICES, S.A. DE C.V.','Emilio Castán # 203 Col. 2 de Junio',NULL,NULL,'89327',NULL,'Tampico','Tamaulipas','MEXICO','REFINERIA MADERO','FRANCISCO I MADERO #3201',NULL,NULL,'89540',NULL,'MADERO','TAMAULIPAS','MEXICO',NULL,'LUIS HUMBERTO GOMEZ TIBURCIO',45,'CREDITO','','15 DIAS',0,0,1,'SIN PROYECTO','ING. JORGE SILVA GARCIA','ING. JORGE SILVA GARCIA',''),(22,'2020-08-07 23:30:04','2020-08-07 23:30:04',0,'',0,'',2,'LUIS HUMBERTO GOMEZ TIBURCIO','EN PROCESO','','CT00026','','','COTIZACION DE VENTA','PDF','',20,'REFINERIA MADERO','PTI151101TE5','TRANSFERENCIA','PESOS',1.00,62000.00,0.0,62000.00,9920.0,71920.00,16,'SETENTA Y UN MIL NOVECIENTOS VEINTE PESOS 00/100 MN.',1,'IWS140818UY0','IMPELLER WELL SERVICES, S.A. DE C.V.','Emilio Castán # 203 Col. 2 de Junio',NULL,NULL,'89327',NULL,'Tampico','Tamaulipas','MEXICO','REFINERIA MADERO','FRANCISCO I MADERO #3201',NULL,NULL,'89540',NULL,'MADERO','TAMAULIPAS','MEXICO',NULL,'LUIS HUMBERTO GOMEZ TIBURCIO',45,'CREDITO','','15 DIAS',0,0,1,'SIN PROYECTO','ING. JORGE SILVA GARCIA','ING. JORGE SILVA GARCIA',''),(23,'2020-08-11 15:27:33','2020-08-11 15:42:38',0,'',0,'',4,'VALERIA ALEJANDRINA ROSARIO JIMENEZ','TERMINADO','','CT00027','','EL TIEMPO DE ENTREGA DE LA PARTIDA 4 ES DEBIDO AL MAQUINADO.','COTIZACION DE VENTA','PDF','',6,' INEOS STYROLUTION MEXICANA, S.A. DE C.V. ',' SME1101034E1','TRANSFERENCIA','DOLARES',0.00,2156.70,0.0,2156.70,345.0,2501.70,16,'DOS MIL QUINIENTOS UN Y 77/100 DOLARES.',1,'IWS140818UY0','IMPELLER WELL SERVICES, S.A. DE C.V.','Emilio Castán # 203 Col. 2 de Junio',NULL,NULL,'89327',NULL,'Tampico','Tamaulipas','MEXICO',' INEOS STYROLUTION MEXICANA, S.A. DE C.V. ','AVENIDA INSURGENTES SUR 859 INT.1102 NAPOLES ',NULL,NULL,'03810',NULL,'CIUDAD DE MEXICO','','MEXICO',NULL,'VALERIA ALEJANDRINA ROSARIO JIMENEZ',30,'CREDITO','LOS PRECIOS COTIZADOS ESTÁN BASADOS EN LAS CANTIDADES ESPECIFICADAS Y SON VÁLIDOS POR 30 (TREINTA) DÍAS.\nLOS MONTOS ESTÁN BASADOS EN EL PRECIO DE LA ORDEN DE COMPLETA. COMPRA INDIVIDUAL PODRÍA AFECTAR EL PRECIO.\nLOS TÉRMINOS DE ESTA COTIZACIÓN ESTÁN SUJETOS A LOS INCOTERMS 2010.\nLOS PRECIOS INCLUYEN EL 16% DE IVA.\nEN CASO DE VERNOS FAVORECIDOS CON SU COMPRA, MANDAR POR EMAIL, COPIA DE SU PEDIDO Y COMPROBANTE DEL PAGO, ASÍ COMO LA DIRECCIÓN DE ENTREGA PARA PODER CUMPLIR CON LAS FECHAS DE ENTREGA PROGRAMADAS.','PARTIDAS 1,2,3 Y 5 ENTREGA INMEDIATA,  PARTIDA 4 DE 1 A 2 DIAS POR MAQUINADO ',0,0,1,'SIN PROYECTO','ING. CATALINA LONGORIA','ING. GABRIELA HERNANDEZ NARANJO','COTIZACIÓN REFACCIONES P4011AB GPPS'),(24,'2020-08-11 17:28:41','2020-08-11 17:28:41',0,'',0,'',4,'VALERIA ALEJANDRINA ROSARIO JIMENEZ','TERMINADO','','CT00028','','','COTIZACION DE VENTA','PDF','',3,'STYROPEK MEXICO, S.A. DE C.V.','SME140605850','TRANSFERENCIA','DOLARES',1.00,190.14,0.0,190.14,30.0,220.14,16,'DOSCIENTOS VEINTE Y 14/100 DOLARES AMERICANOS.',1,'IWS140818UY0','IMPELLER WELL SERVICES, S.A. DE C.V.','Emilio Castán # 203 Col. 2 de Junio',NULL,NULL,'89327',NULL,'Tampico','Tamaulipas','MEXICO','STYROPEK MEXICO, S.A. DE C.V.','FERNANDO MONTES DE OCA INT.71 CONDESA CUAHUTEMOC',NULL,NULL,'',NULL,'MEXICO','','MEXICO',NULL,'VALERIA ALEJANDRINA ROSARIO JIMENEZ',7,'CREDITO','','1 SEMANA ',0,0,1,'SIN PROYECTO','ING. MIGUEL ANGEL FLORES R.','ING. MIGUEL ANGEL FLORES R.','NUM. REQUISITION 10056268'),(25,'2020-08-11 17:53:11','2020-08-11 19:30:38',0,'',0,'',5,'EDER ABEL MARISCAL ESCAMILLA','EN PROCESO','','CT00029','','BOMBA KSB RPK 60-180 DESCONTINUADA, SE COTIZA BOMBA QUE LA SUSTITUYE ','COTIZACION DE VENTA','PDF','',1,'MEXICHEM COMPUESTOS, S.A. DE C.V.',' MCO061215JR5','TRANSFERENCIA','DOLARES',1.00,8326.80,0.0,8326.80,1332.0,9658.80,16,'NUEVE MIL SEISCIENTOS CINCUENTA Y OCHO Y 8/100 USD.',1,'IWS140818UY0','IMPELLER WELL SERVICES, S.A. DE C.V.','Emilio Castán # 203 Col. 2 de Junio',NULL,NULL,'89327',NULL,'Tampico','Tamaulipas','MEXICO','MEXICHEM COMPUESTOS, S.A. DE C.V.','AUTOPISTA ALTAMIRA, PUERTO INDUSTRIAL DE ALTAMIRA.',NULL,NULL,'89603',NULL,'ALTAMIRA','TAMAULIPAS','MEXICO',NULL,'EDER ABEL MARISCAL ESCAMILLA',30,'CREDITO','INCLUYE SELLO MECANICO\nINCLUYE BASE METALICA PARA MONTAJE (DE FABRICA) \nNO INCLUYE MOTOR\n','11-12 SEMANAS ',0,0,1,'SIN PROYECTO','ING.  RIGOBERTO YUDICHE CASTILLO ','ING. OSCAR SILVA ','G-0123 A '),(26,'2020-08-11 20:49:43','2020-08-11 20:49:43',0,'',0,'',8,'LUIS HUMBERTO REYNA GURROLA','EN PROCESO','','CT00030','','','COTIZACION DE VENTA','PDF','',19,'MEXICO CARBON MANUFACTURING','','TRANSFERENCIA','PESOS',1.00,71500.00,0.0,71500.00,11440.0,82940.00,16,'OCHENTA Y DOS MIL NOVECIENTOS CUARENTA Y 0/100 PESOS MEXICANOS.',1,'IWS140818UY0','IMPELLER WELL SERVICES, S.A. DE C.V.','Emilio Castán # 203 Col. 2 de Junio',NULL,NULL,'89327',NULL,'Tampico','Tamaulipas','MEXICO','MEXICO CARBON MANUFACTURING','BLVD DE LOS RÍOS 9600',NULL,NULL,'',NULL,'ALTAMIRA','TAMAULIPAS','MEXICO',NULL,'LUIS HUMBERTO REYNA GURROLA',7,'CREDITO','','',0,0,1,'SIN PROYECTO','COMPRAS','COMPRAS',''),(27,'2020-08-11 22:17:06','2020-08-11 22:17:06',0,'',0,'',4,'VALERIA ALEJANDRINA ROSARIO JIMENEZ','TERMINADO','','CT00031','','','COTIZACION DE VENTA','PDF','',3,'STYROPEK MEXICO, S.A. DE C.V.','SME140605850','TRANSFERENCIA','DOLARES',1.00,190.14,0.0,190.14,30.0,220.14,16,'DOSCIENTOS VEINTE Y 14/100 DOLARES AMERICANOS.',1,'IWS140818UY0','IMPELLER WELL SERVICES, S.A. DE C.V.','Emilio Castán # 203 Col. 2 de Junio',NULL,NULL,'89327',NULL,'Tampico','Tamaulipas','MEXICO','STYROPEK MEXICO, S.A. DE C.V.','FERNANDO MONTES DE OCA INT.71 CONDESA CUAHUTEMOC',NULL,NULL,'',NULL,'MEXICO','','MEXICO',NULL,'VALERIA ALEJANDRINA ROSARIO JIMENEZ',7,'CREDITO','','1 SEMANA ',0,0,1,'SIN PROYECTO','ING. MIGUEL ANGEL FLORES R.','ING. MIGUEL ANGEL FLORES R.','NUM. REQUISITION 10056268'),(28,'2020-08-12 19:45:53','2020-08-12 19:45:53',0,'',0,'',5,'EDER ABEL MARISCAL ESCAMILLA','TERMINADO','','CT00032','','','COTIZACION DE VENTA','PDF','',3,'STYROPEK MEXICO, S.A. DE C.V.','SME140605850','TRANSFERENCIA','DOLARES',1.00,190.14,0.0,190.14,30.0,220.14,16,'DOSCIENTOS VEINTE Y 14/100 USD.',1,'IWS140818UY0','IMPELLER WELL SERVICES, S.A. DE C.V.','Emilio Castán # 203 Col. 2 de Junio',NULL,NULL,'89327',NULL,'Tampico','Tamaulipas','MEXICO','STYROPEK MEXICO, S.A. DE C.V.','FERNANDO MONTES DE OCA INT.71 CONDESA CUAHUTEMOC',NULL,NULL,'',NULL,'MEXICO','','MEXICO',NULL,'EDER ABEL MARISCAL ESCAMILLA',30,'CREDITO','','1-2 SEMANAS ',0,0,1,'SIN PROYECTO','ING. MIGUEL FLORES ','','PO 4700027650.'),(29,'2020-08-12 20:03:27','2020-08-12 20:31:32',0,'',0,'',5,'EDER ABEL MARISCAL ESCAMILLA','TERMINADO','','CT00033','','BOMBA SERIE R-434 DESCONTINUADA , SE COTIZA EL REEMPLAZO R4140 ','COTIZACION DE VENTA','PDF','',1,'MEXICHEM COMPUESTOS, S.A. DE C.V.',' MCO061215JR5','TRANSFERENCIA','DOLARES',1.00,15726.20,0.0,15726.20,2516.0,18242.20,16,'DIECIOCHO MIL DOSCIENTOS CUARENTA Y DOS Y 2/100 USD.',1,'IWS140818UY0','IMPELLER WELL SERVICES, S.A. DE C.V.','Emilio Castán # 203 Col. 2 de Junio',NULL,NULL,'89327',NULL,'Tampico','Tamaulipas','MEXICO','MEXICHEM COMPUESTOS, S.A. DE C.V.','AUTOPISTA ALTAMIRA, PUERTO INDUSTRIAL DE ALTAMIRA.',NULL,NULL,'89603',NULL,'ALTAMIRA','TAMAULIPAS','MEXICO',NULL,'EDER ABEL MARISCAL ESCAMILLA',30,'CREDITO','','10-12 SEMANAS ',0,0,1,'SIN PROYECTO','ING. RIGOBERTO YUDICHE CASTILLO','ING. OSCAR SILVA ','G-0173 '),(30,'2020-08-13 20:21:55','2020-08-13 20:31:02',0,'',0,'',3,'GABRIELA ALEJANDRA BARRIOS REYNA','EN PROCESO','','CT00034','','NO SE INCLUYE INSTALACIÓN ','COTIZACION DE VENTA','PDF','',18,'SOLENIS TECHNOLOGIES MEXICO, S. DE R.L. DE C.V.','','TRANSFERENCIA','PESOS',1.00,268.50,0.0,268.50,42.0,310.50,16,'TRECIENTOS DIEZ Y 50/100 DOLARES ',1,'IWS140818UY0','IMPELLER WELL SERVICES, S.A. DE C.V.','Emilio Castán # 203 Col. 2 de Junio',NULL,NULL,'89327',NULL,'Tampico','Tamaulipas','MEXICO','SOLENIS TECHNOLOGIES MEXICO, S. DE R.L. DE C.V.','AV. SARA 4553 COL GUADALUPE TEPEYAC',NULL,NULL,'07840',NULL,'CD. DE MEXICO','','MEXICO',NULL,'GABRIELA ALEJANDRA BARRIOS REYNA',30,'CREDITO','TIEMPO DE ENTREGA: 2 SEMANAS','2 SEMANAS ',0,0,1,'SIN PROYECTO','ING. JOEL TORRES ','ING. SARA CARRIZALES','BRIDA PARA AGITADOR MOD. VTA4-08.04 B 01 (2)/08.6'),(31,'2020-08-13 20:39:23','2020-08-13 20:59:14',0,'',0,'',5,'EDER ABEL MARISCAL ESCAMILLA','EN PROCESO','','CT00035','','TIEMPO DE ENTREGA A PARTIR DE ENTREGA DE IMPULSORES','COTIZACION DE VENTA','PDF','',17,'NALCO DE MEXICO S. DE R. L. DE C.V.','NME900531HM0','TRANSFERENCIA','PESOS',1.00,15600.00,0.0,15600.00,2496.0,18096.00,16,'DIECIOCHO MIL NOVENTA Y SEIS Y 0/100  PESOS MEXICANOS.',1,'IWS140818UY0','IMPELLER WELL SERVICES, S.A. DE C.V.','Emilio Castán # 203 Col. 2 de Junio',NULL,NULL,'89327',NULL,'Tampico','Tamaulipas','MEXICO','NALCO DE MEXICO S. DE R. L. DE C.V.','AV. MONTERREY, MIRAMAR SECTOR 1',NULL,NULL,'89604',NULL,'ALTAMIRA','TAMAULIPAS','MEXICO',NULL,'EDER ABEL MARISCAL ESCAMILLA',7,'CREDITO','','',0,0,1,'SIN PROYECTO','INGENIERO ESTEFANY RIOS','',''),(32,'2020-08-13 20:54:01','2020-08-13 20:54:01',0,'',0,'',2,'LUIS HUMBERTO GOMEZ TIBURCIO','TERMINADO','','CT00036','','','COTIZACION DE VENTA','PDF','',7,'INGENIO EL MANTE, S.A. DE C.V.',' IMA9211033S4','EFECTIVO','PESOS',1.00,250900.00,0.0,250900.00,40144.0,291044.00,16,'DOSCIENTOS NOVENTA Y UN MIL CUARENTA Y CUATRO PESOS 00/100 MN',1,'IWS140818UY0','IMPELLER WELL SERVICES, S.A. DE C.V.','Emilio Castán # 203 Col. 2 de Junio',NULL,NULL,'89327',NULL,'Tampico','Tamaulipas','MEXICO','INGENIO EL MANTE, S.A. DE C.V.','PASEO DE LOS TAMARINDOS P4 INT.60 BOSQUES DE LAS LOMAS',NULL,NULL,'',NULL,'CIUDAD DE MEXICO','TAMAULIPAS','MEXICO',NULL,'LUIS HUMBERTO GOMEZ TIBURCIO',45,'CREDITO','','15 DIAS',0,0,1,'SIN PROYECTO','ING. RAFAEL FLORES','ING, RAFAEL FLORES',''),(33,'2020-08-13 21:08:33','2020-08-13 21:22:42',0,'',0,'',5,'EDER ABEL MARISCAL ESCAMILLA','TERMINADO','','CT00037','','SUSTITUYE A 0814-1902-IT-AS','COTIZACION DE VENTA','PDF','',21,'INGENIO TAMAZULA,S.A. DE C.V.','ITA840522FS4','TRANSFERENCIA','DOLARES',1.00,33000.00,0.0,33000.00,5280.0,38280.00,16,'TREINTA Y OCHO MIL DOSCIENTOS OCHENTA Y 0/100  USD',1,'IWS140818UY0','IMPELLER WELL SERVICES, S.A. DE C.V.','Emilio Castán # 203 Col. 2 de Junio',NULL,NULL,'89327',NULL,'Tampico','Tamaulipas','MEXICO','INGENIO TAMAZULA,S.A. DE C.V.','PASEO DE LOS TAMARINDOS P-4 INT.60 BOSQUES DE LAS LOMAS',NULL,NULL,'',NULL,'CUAJIMALPA DE MORELOS','CIUDAD DE MÉXICO','MEXICO',NULL,'EDER ABEL MARISCAL ESCAMILLA',30,'CREDITO','','6 SEMANAS ',0,0,1,'SIN PROYECTO','LIC. JULIO MORENO','','IT2100003 OPT587'),(34,'2020-08-13 21:27:09','2020-08-13 21:27:09',0,'',0,'',8,'LUIS HUMBERTO REYNA GURROLA','EN PROCESO','','CT00038','','','COTIZACION DE VENTA','PDF','',4,'ALTAMIRA SERVICIOS DE INFRAESTRUCTURA, S.A. DE C.V.',' ASI981210D95','EFECTIVO','PESOS',1.00,0.00,0.0,0.00,0.0,0.00,16,'CERO Y 0/100  PESOS MEXICANOS.',1,'IWS140818UY0','IMPELLER WELL SERVICES, S.A. DE C.V.','Emilio Castán # 203 Col. 2 de Junio',NULL,NULL,'89327',NULL,'Tampico','Tamaulipas','MEXICO','ALTAMIRA SERVICIOS DE INFRAESTRUCTURA, S.A. DE C.V.','AV. DESARROLLO TEXTIL',NULL,NULL,' 8960',NULL,'ALTAMIRA','TAMAULIPAS','MEXICO',NULL,'LUIS HUMBERTO REYNA GURROLA',7,'CONTADO','','',0,0,1,'SIN PROYECTO','MOTOR 3 HP','CRISTIAN HERNANDEZ',''),(35,'2020-08-13 21:35:43','2020-08-13 21:35:43',0,'',0,'',8,'LUIS HUMBERTO REYNA GURROLA','EN PROCESO','','CT00039','','','COTIZACION DE VENTA','PDF','',4,'ALTAMIRA SERVICIOS DE INFRAESTRUCTURA, S.A. DE C.V.',' ASI981210D95','EFECTIVO','PESOS',1.00,6900.00,0.0,6900.00,1104.0,8004.00,16,'OCHO MIL CUATRO Y 0/100  PESOS MEXICANOS.',1,'IWS140818UY0','IMPELLER WELL SERVICES, S.A. DE C.V.','Emilio Castán # 203 Col. 2 de Junio',NULL,NULL,'89327',NULL,'Tampico','Tamaulipas','MEXICO','ALTAMIRA SERVICIOS DE INFRAESTRUCTURA, S.A. DE C.V.','AV. DESARROLLO TEXTIL',NULL,NULL,' 8960',NULL,'ALTAMIRA','TAMAULIPAS','MEXICO',NULL,'LUIS HUMBERTO REYNA GURROLA',7,'CONTADO','','',0,0,1,'SIN PROYECTO','COMPRAS','COMPRAS',''),(36,'2020-08-13 21:34:27','2020-08-13 22:01:19',0,'',0,'',2,'LUIS HUMBERTO GOMEZ TIBURCIO','TERMINADO','','CT00040','','','COTIZACION DE VENTA','PDF','',20,'REFINERIA MADERO','PTI151101TE5','TRANSFERENCIA','PESOS',1.00,98934.00,0.0,98934.00,15829.0,114763.00,16,'CIENTO CATORCE MIL SETECIENTOS SESENTA Y TRES PESOS 00/100 MN.',1,'IWS140818UY0','IMPELLER WELL SERVICES, S.A. DE C.V.','Emilio Castán # 203 Col. 2 de Junio',NULL,NULL,'89327',NULL,'Tampico','Tamaulipas','MEXICO','REFINERIA MADERO','FRANCISCO I MADERO #3201',NULL,NULL,'89540',NULL,'MADERO','TAMAULIPAS','MEXICO',NULL,'LUIS HUMBERTO GOMEZ TIBURCIO',45,'CREDITO','','18 DIAS',0,0,1,'SIN PROYECTO','ING. CARLOS CABRERA','ING. CARLOS CABRERA',''),(37,'2020-08-14 20:17:20','2020-08-14 20:40:50',0,'',0,'',8,'LUIS HUMBERTO REYNA GURROLA','EN PROCESO','','CT00041','','ESTA COTIZACIÓN AMPARA SOLO LO QUE EN ELLA SE MENCIONA ','COTIZACION DE VENTA','PDF','',22,'VOPAK','','TRANSFERENCIA','PESOS',1.00,29950.00,0.0,29950.00,4792.0,34742.00,16,'TREINTA Y CUATRO MIL SETECIENTOS CUARENTA Y DOS Y 0/100  PESOS MEXICANOS.',1,'IWS140818UY0','IMPELLER WELL SERVICES, S.A. DE C.V.','Emilio Castán # 203 Col. 2 de Junio',NULL,NULL,'89327',NULL,'Tampico','Tamaulipas','MEXICO','VOPAK','PUERTO INDUSTRIAL',NULL,NULL,'',NULL,'ALTAMIRA','TAMAULIPAS','MEXICO',NULL,'LUIS HUMBERTO REYNA GURROLA',15,'CREDITO','','2 DÍAS',0,0,1,'SIN PROYECTO','INGENIERO ANGÉLICA ARTEAGA','INGENIERO CARLOS RIVERA ','');

/*Table structure for table `cotizacion_venta_det` */

DROP TABLE IF EXISTS `cotizacion_venta_det`;

CREATE TABLE `cotizacion_venta_det` (
  `id` int(10) NOT NULL AUTO_INCREMENT,
  `folio` varchar(100) DEFAULT NULL,
  `documento_id` int(10) DEFAULT NULL,
  `empresa_id` int(10) DEFAULT NULL,
  `empresa` varchar(100) DEFAULT NULL,
  `unidad_id` int(10) DEFAULT NULL,
  `unidad` varchar(100) DEFAULT NULL,
  `usuario_id` int(10) DEFAULT NULL,
  `usuario` varchar(100) DEFAULT NULL,
  `no_partida` int(10) DEFAULT NULL,
  `fecha_alta` datetime DEFAULT NULL,
  `cantidad` int(10) DEFAULT NULL,
  `producto_id` int(10) DEFAULT NULL,
  `descripcion` text CHARACTER SET utf8 COLLATE utf8_general_ci,
  `unidad_medida` varchar(100) DEFAULT NULL,
  `porc_iva` int(10) DEFAULT NULL,
  `precio_unitario` double DEFAULT NULL,
  `importe` double DEFAULT NULL,
  `descuento` double DEFAULT NULL,
  `subtotal` double DEFAULT NULL,
  `iva` double DEFAULT NULL,
  `total` double DEFAULT NULL,
  `servicio` tinyint(1) DEFAULT '0',
  `no_parte` varchar(100) DEFAULT NULL,
  `no_serie` varchar(100) DEFAULT NULL,
  `modelo` varchar(100) DEFAULT NULL,
  `marca` varchar(100) DEFAULT NULL,
  `codigo_proveedor` varchar(100) DEFAULT NULL,
  `codigo_interno` varchar(100) DEFAULT NULL,
  `facturada` tinyint(1) DEFAULT '0',
  `entregada` tinyint(1) DEFAULT '0',
  `requisicion_id` tinyint(1) DEFAULT '0',
  `fecha_entrega` varchar(100) CHARACTER SET utf8 COLLATE utf8_general_ci DEFAULT NULL,
  PRIMARY KEY (`id`)
) ENGINE=InnoDB AUTO_INCREMENT=84 DEFAULT CHARSET=utf8;

/*Data for the table `cotizacion_venta_det` */

insert  into `cotizacion_venta_det`(`id`,`folio`,`documento_id`,`empresa_id`,`empresa`,`unidad_id`,`unidad`,`usuario_id`,`usuario`,`no_partida`,`fecha_alta`,`cantidad`,`producto_id`,`descripcion`,`unidad_medida`,`porc_iva`,`precio_unitario`,`importe`,`descuento`,`subtotal`,`iva`,`total`,`servicio`,`no_parte`,`no_serie`,`modelo`,`marca`,`codigo_proveedor`,`codigo_interno`,`facturada`,`entregada`,`requisicion_id`,`fecha_entrega`) values (1,'CT00001',1,0,'',0,'',3,'GABRIELA ALEJANDRA BARRIOS REYNA',0,'2020-07-20 15:23:36',5,2,'SILENCIADOR VTM-8','PIEZA',NULL,74.33,371.65,NULL,NULL,NULL,NULL,0,'VTM-8','-','E3','VERSAMATIC',NULL,'2',1,0,5,'5 a 7 semanas '),(2,'CT00002',2,0,'',0,'',3,'GABRIELA ALEJANDRA BARRIOS REYNA',0,'2020-07-20 21:15:09',2,3,'SERVICIO DE REPARACIÓN DE CABEZAL URACA','PIEZA',NULL,13586.305,27172.61,NULL,NULL,NULL,NULL,0,'','','500','URACA',NULL,'3',0,0,0,'1 semana'),(3,'CT00003',3,0,'',0,'',5,'EDER ABEL MARISCAL ESCAMILLA',0,'2020-07-20 23:22:21',1,1,'COPLE ES10 OMEGA REXNOR ','PIEZA',NULL,12000,12000,NULL,NULL,NULL,NULL,0,'','','ES10','OMEGA REXNOR ',NULL,'1',0,0,0,''),(4,'CT00004',4,0,'',0,'',4,'VALERIA ALEJANDRINA ROSARIO JIMENEZ',0,'2020-07-21 20:44:39',1,6,'VALVULA TIPO GLOBO DE 3\" 150#','PIEZA',NULL,577.01,577.01,NULL,NULL,NULL,NULL,0,'CON CPO. DE AC. FUNDIDO A216 GR WCB INT. AC. INOX.','','FIGURA W-5275F-AA','WALWORTH',NULL,'6',0,0,0,'1 SEMANA'),(5,'CT00004',4,0,'',0,'',4,'VALERIA ALEJANDRINA ROSARIO JIMENEZ',0,'2020-07-21 20:52:30',2,7,'BOMBA DE VACIADO DE TAMBORES','PIEZA',NULL,815,1630,NULL,NULL,NULL,NULL,0,'ACERO INOXIDABLE CON INTERNOS DE ALLOY 625 FKM','',' PFS40-40','',NULL,'7',0,0,0,'1 SEMANA'),(6,'CT00004',4,0,'',0,'',4,'VALERIA ALEJANDRINA ROSARIO JIMENEZ',0,'2020-07-21 20:54:20',2,8,'MOTOR NEUMATICO ,80-100PSI@15-32CFM, 300-9,000 RPM','PIEZA',NULL,488.8,977.6,NULL,NULL,NULL,NULL,0,'','','MOD.M6','MCA. FINISH THOMPSON',NULL,'8',0,0,0,'1 SEMANA'),(9,'CT00005',5,0,'',0,'',5,'EDER ABEL MARISCAL ESCAMILLA',0,'2020-07-22 14:49:58',2,9,'MANTENIMIENTO PREDICTIVO A BOMBA ELÉCTRICA TIPO JOKEY','SERVICIO',NULL,15000,30000,NULL,NULL,NULL,NULL,0,'','','','',NULL,'9',0,0,0,''),(10,'CT00006',6,0,'',0,'',3,'GABRIELA ALEJANDRA BARRIOS REYNA',0,'2020-07-23 17:37:40',1,11,'BOMBA DE DOBLE DIAFRAGMA DE 1/2\"','PIEZA',NULL,1086,1086,NULL,NULL,NULL,NULL,0,'1E00051MN','-','TC-X151VT-NPT','IWAKI',NULL,'11',0,0,0,''),(11,'CT00007',7,0,'',0,'',3,'GABRIELA ALEJANDRA BARRIOS REYNA',0,'2020-07-28 17:02:19',1,12,'BOMBA HAWK MODELO XLT 1830IR','PIEZA',NULL,1829.25,1829.25,NULL,NULL,NULL,NULL,0,'1.099-088.0','-','XLT 1830IR','HAWK',NULL,'12',0,0,0,'2 semanas'),(12,'CT00008',8,0,'',0,'',8,'LUIS HUMBERTO REYNA GURROLA',0,'2020-07-29 22:11:19',1,13,'SERVICIO DE MAQUINADO','PIEZA',NULL,36500,18460,NULL,NULL,NULL,NULL,0,'N/A','','N/A','',NULL,'13',0,0,0,'5 DIAS'),(13,'CT00009',9,0,'',0,'',8,'LUIS HUMBERTO REYNA GURROLA',0,'2020-07-30 20:28:04',1,13,'SERVICIO DE MAQUINADO','PIEZA',NULL,57500,57500,NULL,NULL,NULL,NULL,0,'N/A','','N/A','',NULL,'13',0,0,0,'15'),(14,'CT00010',10,0,'',0,'',3,'GABRIELA ALEJANDRA BARRIOS REYNA',0,'2020-07-31 20:15:37',1,16,'SERVICIO DE MANTENIMIENTO A BOMBA GOULDS','PIEZA',NULL,14274.18,14274.18,NULL,NULL,NULL,NULL,0,'','','','',NULL,'16',0,0,0,'1 Semana'),(15,'CT00011',0,0,'',0,'',5,'EDER ABEL MARISCAL ESCAMILLA',0,'2020-07-31 20:15:57',1,15,'SUMINISTRO DE MATERIALES PARA MANTENIMIENTO CORRECTIVO DE BOMBA VERTICAL','SERVICIO',NULL,53500,53500,NULL,NULL,NULL,NULL,0,'','','GOULDS VIT CT 05 STAGES','GOULDS ',NULL,'15',0,0,0,''),(16,'CT00011',0,0,'',0,'',5,'EDER ABEL MARISCAL ESCAMILLA',0,'2020-07-31 20:16:49',1,15,'SUMINISTRO DE MATERIALES PARA MANTENIMIENTO CORRECTIVO DE BOMBA VERTICAL','SERVICIO',NULL,65815,65815,NULL,NULL,NULL,NULL,0,'','','GOULDS VIT CT 05 STAGES','GOULDS ',NULL,'15',0,0,0,''),(17,'CT00012',0,0,'',0,'',5,'EDER ABEL MARISCAL ESCAMILLA',0,'2020-07-31 20:18:04',1,14,'MANO DE OBRA POR SERVICIO DE MANTENIMIENTO CORRECTIVO A BOMBA VERTICAL ','SERVICIO',NULL,53600,53600,NULL,NULL,NULL,NULL,0,'','','GOULDS VIT 5 STAGES','GOULDS ',NULL,'14',0,0,0,''),(18,'CT00012',0,0,'',0,'',5,'EDER ABEL MARISCAL ESCAMILLA',0,'2020-07-31 20:19:44',1,15,'SUMINISTRO DE MATERIALES PARA MANTENIMIENTO CORRECTIVO DE BOMBA VERTICAL','SERVICIO',NULL,65912,65912,NULL,NULL,NULL,NULL,0,'','','GOULDS VIT CT 05 STAGES','GOULDS ',NULL,'15',0,0,0,''),(19,'CT00013',0,0,'',0,'',5,'EDER ABEL MARISCAL ESCAMILLA',0,'2020-07-31 20:20:47',1,14,'MANO DE OBRA POR SERVICIO DE MANTENIMIENTO CORRECTIVO A BOMBA VERTICAL ','SERVICIO',NULL,53498,53498,NULL,NULL,NULL,NULL,0,'','','GOULDS VIT 5 STAGES','GOULDS ',NULL,'14',0,0,0,''),(20,'CT00013',0,0,'',0,'',5,'EDER ABEL MARISCAL ESCAMILLA',0,'2020-07-31 20:20:30',1,15,'SUMINISTRO DE MATERIALES PARA MANTENIMIENTO CORRECTIVO DE BOMBA VERTICAL','SERVICIO',NULL,65514,65514,NULL,NULL,NULL,NULL,0,'','','GOULDS VIT CT 05 STAGES','GOULDS ',NULL,'15',0,0,0,''),(21,'CT00014',0,0,'',0,'',5,'EDER ABEL MARISCAL ESCAMILLA',0,'2020-07-31 20:20:47',1,14,'MANO DE OBRA POR SERVICIO DE MANTENIMIENTO CORRECTIVO A BOMBA VERTICAL ','SERVICIO',NULL,53498,53498,NULL,NULL,NULL,NULL,0,'','','GOULDS VIT 5 STAGES','GOULDS ',NULL,'14',0,0,0,''),(22,'CT00014',0,0,'',0,'',5,'EDER ABEL MARISCAL ESCAMILLA',0,'2020-07-31 20:20:30',1,15,'SUMINISTRO DE MATERIALES PARA MANTENIMIENTO CORRECTIVO DE BOMBA VERTICAL','SERVICIO',NULL,65514,65514,NULL,NULL,NULL,NULL,0,'','','GOULDS VIT CT 05 STAGES','GOULDS ',NULL,'15',0,0,0,''),(23,'CT00015',11,0,'',0,'',5,'EDER ABEL MARISCAL ESCAMILLA',0,'2020-07-31 20:20:47',1,14,'MANO DE OBRA POR SERVICIO DE MANTENIMIENTO CORRECTIVO A BOMBA VERTICAL ','SERVICIO',NULL,53498,53498,NULL,NULL,NULL,NULL,0,'','','GOULDS VIT 5 STAGES','GOULDS ',NULL,'14',0,0,0,''),(24,'CT00015',11,0,'',0,'',5,'EDER ABEL MARISCAL ESCAMILLA',0,'2020-07-31 20:20:30',1,15,'SUMINISTRO DE MATERIALES PARA MANTENIMIENTO CORRECTIVO DE BOMBA VERTICAL','SERVICIO',NULL,65514,65514,NULL,NULL,NULL,NULL,0,'','','GOULDS VIT CT 05 STAGES','GOULDS ',NULL,'15',0,0,0,''),(25,'CT00016',12,0,'',0,'',5,'EDER ABEL MARISCAL ESCAMILLA',0,'2020-08-03 15:40:14',4,17,'CAMIÓN DE ALTO VACÍO DE 12.0 METROS CÚBICOS','SERVICIO',NULL,2800,10800,NULL,NULL,NULL,NULL,0,'','','12.0 METROS CÚBICOS','',NULL,'17',0,0,0,'Inmediato'),(27,'CT00018',14,0,'',0,'',3,'GABRIELA ALEJANDRA BARRIOS REYNA',0,'2020-08-04 15:26:35',2,19,'VIBRADOR NEUMÁTICO MARCA HOUSTON MODELO HVT 280-1','PIEZA',NULL,492.75,985.5,NULL,NULL,NULL,NULL,0,'','','HVT 280-1','HOUSTON',NULL,'19',0,0,0,''),(28,'CT00019',15,0,'',0,'',3,'GABRIELA ALEJANDRA BARRIOS REYNA',0,'2020-08-04 16:01:47',1,21,'AMORTIGUADOR DE PULSACIONES MARCA VERSAMATIC CON LAS SIGUIENTES CARACTERÍSTICAS:\n\nMODELO: VTA 3 DL2\nDIÁMETRO DE ENTRADA DEL FLUIDO : 3\"\nMATERIAL DEL CUERPO: ALUMINIO\nMATERIAL DEL DIAFRAGMA: TEFLÓN\nPRESIÓN MÁXIMA DE TRABAJO: 8.6 BAR (125 PSI)\nENTRADA DE AIRE: 1/4\"\n','PIEZA',NULL,3029.91,3029.91,NULL,NULL,NULL,NULL,0,'','','VTA 3 DL2','VERSAMATIC',NULL,'21',0,0,0,'5 A 7 SEMANAS'),(29,'CT00019',15,0,'',0,'',3,'GABRIELA ALEJANDRA BARRIOS REYNA',0,'2020-08-04 17:02:25',1,22,'FILTRO REGULADOR DE AIRE MARCA NORGREN, DE 1/2\", ESTÁNDAR, RANGO DE AJUSTE 0.3 A 10 BAR, INCLUYE MANÓMETRO. ','PIEZA',NULL,143.95,143.95,NULL,NULL,NULL,NULL,0,'','','R74G4AKRMG','NORGREN',NULL,'22',0,0,0,'7 A 8 SEMANAS '),(33,'CT00017',13,0,'',0,'',5,'EDER ABEL MARISCAL ESCAMILLA',0,'2020-08-04 21:20:19',1,24,'RETIRO DE TORNILLOS CAPADOS BOMBA WILDEN P1702B\n\nSE INCLUYE:\n    \nA) TRASLADO AL TALLER DE IMPELLER WELL SERVICES\nB) RETIRO DE TORNILLOS Y SUMINISTRO DE 2 TORNILLOS 1/4\" \nC) REPARACION DE CUERDA, EN CASO DE PRESENTAR DAÑO\nD) TRASLADO A INEOS STYROLUTION ALTAMIRA\nE) REPORTE FOTOGRAFICO DE LA ACTIVIDAD ','SERVICIO',NULL,3815.2,3815.2,NULL,NULL,NULL,NULL,0,'','','','',NULL,'24',0,0,0,'1 dia'),(34,'CT00020',16,0,'',0,'',8,'LUIS HUMBERTO REYNA GURROLA',0,'2020-08-04 21:29:10',1,25,'CONSISTE EN:						\nBLOQUEO Y CANDADEO DE EQUIPO						\nTRAMITES DE PERMISOS VOPAK						\nDESMONTAJE DE MOTOR						\nRETIRO DE ACEITE						\nRETIRAR TUBERIAS DE ACEITE						\nRETIRAR DESCARGA						\nDESMONTAJE DE BOMBA						\nTRANSPORTE A PLANTA Y VICEVERSA						\nDESARMADO						\nRETIRAR IMPULSOR						\nDIMENCIONAR FLECHA						\nFABRICACION DE MANGAS						\nCOLOCACION DE EMPAQUETADURA						\nBALANCEO DINAMICO						\nLIMPIEZA GENERAL						\nAPLICACIÓN DE FONDO ESTRUCTURAL SEGÚN CLIENTE						\nAPLICACIÓN DE PINTURA SEGÚN CLIENTE						\nARLADO DE BOMBA						\nCOLOCACION DE COMAL EN HUECO DE BOMBA						\nPRUEBAS DE FUNCIONAMIENTO						\n','PIEZA',NULL,455800,455800,NULL,NULL,NULL,NULL,0,'','','','',NULL,'25',0,0,0,''),(36,'CT00021',17,0,'',0,'',8,'LUIS HUMBERTO REYNA GURROLA',0,'2020-08-06 22:26:41',1,28,'SUMINISTRO DE MANO DE OBRA CALIFICADA, HERRAMIENTA, MATERIALES NECESARIOS PARA REALIZAR MANTENIMIENTO A BOMBAS DE AGUA       PU-7101 A/B   PU-7102 A/B  PU-7103 OIL COOLER WATER PUMP  \n\n\nBLOQUEO Y CANDADEO						\nRETIRAR GUARDA						\nRETIRAR COPLE FLEXIBLE (EN CASO DE REQUERIR CAMBIO  SE COTIZA POR SEPARADO)						\nDESMONTAJE DE BOMBA 						\nREVISION DE MANGA (EN CASO DE REQUERIR CAMBIO DE COTIZA POR SEPARADO)						\nCAMBIO DE EMPAQUETADURA						\nCAMBIO DE EMPAQUE DE VOLUTA 						\nLIMPIEZA GENERAL						\nPINTURA						\nREVISIÓN DE FLEXIÓN DE FLECHA						\nARMADO DE BOMBA 						\nMONTAJE Y ALINEACIÓN						\n','PIEZA',NULL,35500,35500,NULL,NULL,NULL,NULL,0,'','','TIPO DURCO','',NULL,'28',0,0,0,''),(42,'CT00022',18,0,'',0,'',5,'EDER ABEL MARISCAL ESCAMILLA',0,'2020-08-07 16:04:48',1,29,'IMPULSOR PARA BOMBA GOULDS 3196 LTI 4X6-10G EN 316-SS, DIÁMETRO DE 10\" (PARA BOMBA BAF L2)','PIEZA',NULL,1400,1400,NULL,NULL,NULL,NULL,0,'GOU 0C06089A-1203','','3196 LTI 4X6-10G EN 316-SS','GOULDS',NULL,'29',1,0,27,'3-5 Semanas'),(43,'CT00022',18,0,'',0,'',5,'EDER ABEL MARISCAL ESCAMILLA',0,'2020-08-07 16:05:21',1,32,'IMPULSOR PARA BOMBA GOULDS 3756 3X4-10 EN BRONCE, DIÁMETRO DE 8.560\" (PARA BOMBA BAF L1)','PIEZA',NULL,1750,1750,NULL,NULL,NULL,NULL,0,'','','3756 3X4-10 BRONCE','GOULDS',NULL,'32',0,0,0,'5-7 semanas'),(44,'CT00022',18,0,'',0,'',5,'EDER ABEL MARISCAL ESCAMILLA',0,'2020-08-07 16:05:56',1,31,'IMPULSOR DURCO TAMAÑO 4X3 - 13 EN 316-SS DIÁMETRO 13\"(PARA BOMBAS DE TERMINADO L1 ).','PIEZA',NULL,1200,1200,NULL,NULL,NULL,NULL,0,'DUR MY51028A130-D4','','4 X 3 - 13 EN 316-SS ','DURCO',NULL,'31',0,0,0,'1-2 semanas'),(45,'CT00022',18,0,'',0,'',5,'EDER ABEL MARISCAL ESCAMILLA',0,'2020-08-07 16:06:35',1,30,'IMPULSOR PARA BOMBA GOULDS 3196 MTI 3X4-13 EN 316-SS, DIÁMETRO DE 13\" ( PARA BOMBA DE TERMINADO L2)','PIEZA',NULL,1200,1200,NULL,NULL,NULL,NULL,0,'GOU RB10542-1203','','3196 MTI 3X4-13 EN 316-SS','GOULDS',NULL,'30',1,0,27,'1-2 semanas'),(49,'CT00023',19,0,'',0,'',5,'EDER ABEL MARISCAL ESCAMILLA',0,'2020-08-07 17:41:33',1,26,'MANTENIMIENTO A REDUCTOR DE ACCIONAMIENTO DE TELAS DE FILTRO BANDA F6001.\nSE INCLUYE:\n1.	RETIRO DE REDUCTOR.\n2.	TRASLADO A TALLER IMPELLER WELL SERVICES\n3.	DESARMADO DE EQUIPO.\n4.	INSPECCIÓN DE INTERNOS\n5.	REPORTE PRELIMINAR DE CONDICIONES ENCONTRADAS \n6.	 SOLICITUD DE REFACCIONES.\n7.	REVISIÓN DE ALOJAMIENTOS DE CAJA REDUCTORA.\n8.	ARMADO DE RECTOR CON LOS AJUSTES REQUERIDOS POR EL EQUIPO.\n9.	TRASLADO DE EQUIPO A PLANTA INEOS STYROLUTION\n10.	INSTALACIÓN DE EQUIPO EN SU POSICIÓN DE TRABAJO.\n11.	PRUEBAS OPERATIVAS.\n12.	REPORTE TÉCNICO – FOTOGRÁFICO. \nSE INCLUYEN  MEDIDAS INICIALES Y FINALES, AJUSTES Y DETALLES ENCONTRADOS.\n','SERVICIO',NULL,17824.36,17824.36,NULL,NULL,NULL,NULL,0,'','','','',NULL,'26',0,0,0,'4 dias habiles'),(53,'CT00026',22,0,'',0,'',2,'LUIS HUMBERTO GOMEZ TIBURCIO',0,'2020-08-07 23:32:05',1,37,'SERVICIO DE MANTENIMIENTO A MOTORES NEUMÁTICOS DE JUNTA ROTATORIA DEL V-30001/2/3/4 \n\n•DESACOPLADO, DESMONTAJE, DESARMADO DE MOTOR, APLICAR LIMPIEZA A COMPONENTES INTERNOS.\n\n•DESACOPLAR MOTOR NEUMÁTICO DE SU BASE.\n\n•TRASLADO A LAS INSTALACIONES DEL TALLER EXTERNO.\n\n•SANDBLASTEO  A MOTOR Y APLICACIÓN DE PINTURA COLOR AMARILLO.\n\n•DESARMADO DE MOTOR.\n\n•LIMPIEZA DE INTERNOS EN GENERAL.\n\n•VERIFICACION DE ESTADO FÍSICO DE CIGÜEÑAL, CAMISAS (5), PISTONES DE ENSAMBLE (5), CAMISA DE VÁLVULA ROTATIVA, PISTÓN DISTRIBUIDOR O VÁLVULA ROTATIVA. RODAMIENTOS DE CIGÜEÑAL, O´RINGS DE LUBRICACIÓN, ENSAMBLE DE PISTONES Y BIELA. \n \n•INSPECCIÓN Y REVISIÓN DE CUERDA, TORNILLERÍA, ARANDELAS DE PRESIÓN, CONJUNTO DE TAPA DE VENTILACIÓN, SELLO DE ACEITE (RETEN), EMPAQUETADURAS (TAPAS PISTONES Y CUERPO DE MOTOR), TAPONES  DE DRENADO Y LLENADO   Y CONECTORES.\n\n•VERIFICACIÓN DE MEDIDAS Y TOLERANCIAS EN CAMISAS DE PISTONES DE ENSAMBLE, CAMISAS DE PISTÓN DISTRIBUIDOR O VÁLVULA ROTATIVA, MUÑONES DE CIGÜEÑAL, ENSAMBLE DE CIGÜEÑAL, ANILLO DE BIELA, MANGA Y BUJE DE BROCE DE LUBRICACIÓN, CAJA DE RODAMIENTOS.\n\n•FABRICACIÓN DE PARTES DAÑADAS Y/O SUMINISTRO, RODAMIENTOS NUEVOS, EMPAQUES O JUNTAS, O´RING , SELLO DE ACEITE(RETEN).\n\n•RECUPERACIÓN DE MEDIDAS DE MUÑONES DE CIGÜEÑAL, CAMISAS, BUJES, MANGAS, VÁLVULA ROTATIVA O PISTÓN DISTRIBUIDOR.\n\n•BARRENADO Y REFRESCADO DE CUERDAS EN LOS ALOJAMIENTOS DE TORNILLERÍA DE ENSAMBLAJE.\n\n•ARMADO DE MOTOR NEUMÁTICO.\n\n•PRUEBA DE COMPORTAMIENTO DEL MOTOR NEUMÁTICO EN TALLER DE SERVICIO.\n\n•TRANSPORTE DE MOTOR NEUMÁTICO A INSTALACIONES DE LA REFINERIA FRANCISCO I. MADERO.\n\n•ENTREGA DE REPORTE FINAL.','PIEZA',NULL,62000,62000,NULL,NULL,NULL,NULL,0,'','','','',NULL,'37',0,0,0,'15 DIAS'),(56,'CT00024',20,0,'',0,'',2,'LUIS HUMBERTO GOMEZ TIBURCIO',0,'2020-08-08 00:47:23',1,34,'SERVICIO DE MANTENIMIENTO A PALANCA DE VALVULA DE CONTROL  DE CONSOLA DEL TAG: V-30001/2/3/4 \n\n•TRASLADO DE PALANCA DE CONTROL A TALLER DE SERVICIO.\n\n•DESARMADO DE PALANCA DE CONTROL Y LIMPIEZA A TODOS LOS COMPONENTES INTERNOS.\n\n•EVALUACIÓN, TOMA DE MEDIDAS Y DIMENSIONAMIENTO.\n\n•VERIFICACION DE ESTADO FÍSICO DE PISTÓN DISTRIBUIDOR, PISTÓN DE INVERSIÓN, CAMISAS DE ALOJAMIENTO DE PISTONES, O´RINGS, RESORTE DE PISTÓN DISTRIBUIDOR, RESORTE DE RETORNO A POSICIÓN DE PALANCA, PALANCA DE CONTROL, ASIENTO DE SELLO.\n\n•INSPECCIÓN Y REVISIÓN DE CUERDA, TORNILLERÍA, ARANDELAS DE PRESIÓN, CONJUNTO DE TAPA DE VENTILACIÓN, EMPAQUETADURAS (TAPAS DE  PISTONES Y BASE) Y CONECTORES.\n\n•REHABILITACIÓN DE CAMISAS DE ALOJAMIENTO DE PISTONES, REHABILITACIÓN DE ALOJAMIENTO DE SELLO, REHABILITACION DE DIÁMETROS Y PUNTAS DE PISTONES DE ACUERDO CON MEDIDAS DE FABRICANTE.\n\n•VERIFICACIÓN DE MEDIDAS Y TOLERANCIAS EN CAMISAS DE PISTÓN DISTRIBUIDOR, PISTÓN DE INVERSIÓN, CAMISAS DE PISTÓN DISTRIBUIDOR, CAMISA DE PISTÓN DE INVERSIÓN Y CAMISA DE CUERPO.\n\n•FABRICACIÓN DE PARTES DAÑADAS Y/O SUMINISTRO DE: EMPAQUES O JUNTAS, O´RING , SELLOS DE NEOPRENO DE PORTA SELLO Y ASIENTO DE CUERPO.\n\n•RECUPERACIÓN DE MEDIDAS DE PISTONES, CAMISAS, PISTÓN DISTRIBUIDOR Y PISTÓN DE INVERSIÓN.\n\n•BARRENADO Y REFRESCADO DE CUERDAS EN LOS ALOJAMIENTOS DE TORNILLERÍA DE ENSAMBLAJE.\n\n•ARMADO DE PALANCA DE CONTROL.\n\n•APLICACIÓN DE PINTURA COLOR AMARILLO.\n\n•PRUEBA DE COMPORTAMIENTO DE PALANCA DE CONTROL EN TALLER DE SERVICIO.\n\n•TRANSPORTE DE PALANCA DE CONTROL A INSTALACIONES DE LA REFINERIA FRANCISCO I. MADERO, EN CD. MADERO, TAMPS.\n\n•ENTREGA DE REPORTE FINAL.','PIEZA',NULL,45000,45000,NULL,NULL,NULL,NULL,0,'','','','',NULL,'34',0,0,0,'15 DIAS'),(57,'CT00025',21,0,'',0,'',2,'LUIS HUMBERTO GOMEZ TIBURCIO',0,'2020-08-08 00:50:43',1,36,'SERVICIO DE MANTENIMIENTO A MOTORES NEUMÁTICOS DE MALACATE DEL V-30001/2/3/4 \n\n•TRASLADO DE MOTOR NEUMÁTICO A TALLER DE SERVICIO\n\n•DESARMADO DE MOTOR Y LIMPIEZA DE COMPONENTES INTERNOS.\n\n•EVALUACIÓN, TOMA DE MEDIDAS Y DIMENSIONAMIENTO.\n\n•VERIFICACION DE ESTADO FÍSICO DE CIGÜEÑAL, CAMISAS (5), PISTONES DE ENSAMBLE (5), CAMISA DE VÁLVULA ROTATIVA, PISTÓN DISTRIBUIDOR O VÁLVULA ROTATIVA, RODAMIENTOS DE CIGÜEÑAL, O´RINGS DE LUBRICACIÓN, ENSAMBLE DE PISTONES, BIELA, ANILLOS DE COMPRESIÓN DE PISTONES, ANILLOS DE LUBRICACIÓN DE PISTONES, CANDADOS DE PERNOS DE FIJACIÓN PISTÓN/BIELA, RODAMIENTOS DE PISTÓN ROTATIVO O DISTRIBUCIÓN, ANILLO DE COMPRESIÓN DE PISTÓN ROTATIVO O DISTRIBUCIÓN Y ELEVADOR DE ACEITE.\n\n•SANDBLASTEO DE CARCAZA DE MOTOR Y APLICACIÓN DE PINTURA COLOR AMARILLO.\n\n•INSPECCIÓN Y REVISIÓN DE CUERDA, TORNILLERÍA, ARANDELAS DE PRESIÓN, CONJUNTO DE TAPA DE VENTILACIÓN, SELLO DE ACEITE (RETEN), EMPAQUETADURAS (TAPAS PISTONES Y CUERPO DE MOTOR), TAPONES DE DRENADO Y LLENADO   Y CONECTORES.\n\n•REHABILITACION DE CAMISAS DE ALOJAMIENTO DE PISTONES, REHABILITACION DE DIÁMETROS Y PUNTAS DE PISTONES DE ACUERDO CON MEDIDAS DE FABRICANTE.\n\n•SUMINISTRO DE RODAMIENTO, EMPAQUES, Y BUJES NECESARIOS PARA ARMADO.\n\n•VERIFICACIÓN DE MEDIDAS Y TOLERANCIAS EN CAMISAS DE PISTONES DE ENSAMBLE, CAMISAS DE PISTÓN DISTRIBUIDOR O VÁLVULA ROTATIVA, MUÑONES DE CIGÜEÑAL, ENSAMBLE DE CIGÜEÑAL, ANILLO DE BIELA, MANGA Y BUJE DE BROCE DE LUBRICACIÓN, CAJA DE RODAMIENTOS.\n\n•ARMADO DE MOTOR NEUMÁTICO.\n\n•PRUEBA DE COMPORTAMIENTO DEL MOTOR NEUMÁTICO EN TALLER DE SERVICIO.\n\n•TRANSPORTE DE MOTOR NEUMÁTICO A INSTALACIONES DE LA REFINERIA FRANCISCO I. MADERO.\n\n•ENTREGA DE REPORTE FINAL.','PIEZA',NULL,77000,77000,NULL,NULL,NULL,NULL,0,'','','','',NULL,'36',0,0,0,'15 DIAS'),(58,'CT00027',23,0,'',0,'',4,'VALERIA ALEJANDRINA ROSARIO JIMENEZ',0,'2020-08-11 15:32:41',1,38,'FLECHA PARA BOMBA 3196 MTX, 4X6-13,  4140 (ARANDELAS, CANDADO Y TUERCA DE SEGURIDAD)','PIEZA',NULL,480,480,NULL,NULL,NULL,NULL,0,'','','','',NULL,'38',0,0,0,'INMEDIATO'),(59,'CT00027',23,0,'',0,'',4,'VALERIA ALEJANDRINA ROSARIO JIMENEZ',0,'2020-08-11 15:34:23',1,39,'SELLO DE LABERINTOS LC / LCC PARA BOMBA 3196 MTX, 4X6-13.','PIEZA',NULL,611.8,611.8,NULL,NULL,NULL,NULL,0,'','','','',NULL,'39',0,0,0,'INMEDIATO'),(60,'CT00027',23,0,'',0,'',4,'VALERIA ALEJANDRINA ROSARIO JIMENEZ',0,'2020-08-11 15:36:03',1,40,'RODAMIENTO 6309 SKF Y 3309 A/C3 SKF PARA BOMBA 3196 MTX, 4X6-13.','PIEZA',NULL,241.5,241.5,NULL,NULL,NULL,NULL,0,'','','','',NULL,'40',1,0,29,'INMEDIATO'),(61,'CT00027',23,0,'',0,'',4,'VALERIA ALEJANDRINA ROSARIO JIMENEZ',0,'2020-08-11 15:37:16',1,41,'ELEMENTO SE Y MASAS PARA COPLE TAMAÑO 10 (MAQUINADOS SEGÚN MUESTRA)','PIEZA',NULL,788.4,788.4,NULL,NULL,NULL,NULL,0,'','','','',NULL,'41',1,0,29,'DE 1 A 2 DIAS HABILES POR MAQUINADO'),(62,'CT00027',23,0,'',0,'',4,'VALERIA ALEJANDRINA ROSARIO JIMENEZ',0,'2020-08-11 15:38:03',1,42,'EMPAQUE DE CARCAZA 7078228 5127 GOULDS','PIEZA',NULL,35,35,NULL,NULL,NULL,NULL,0,'','','','',NULL,'42',0,0,0,'INMEDIATO'),(63,'CT00028',24,0,'',0,'',4,'VALERIA ALEJANDRINA ROSARIO JIMENEZ',0,'2020-08-11 17:35:42',1,44,'BOMBA NEUMÁTICA.\nPARA AIRE ACONDICIONADO, VOLTAJE 230 VCA, FRECUENCIA 50/60 HZ. AMPERAJE\n0,1 AMP, WATTS 16W (COMPLETA CON SUCCION Y DESCARGA).\nCODIGO: 7122351','PIEZA',NULL,190.14,190.14,NULL,NULL,NULL,NULL,0,'','','MINI ORANGE (FP 2473)','MARCA ASPEN ',NULL,'44',1,0,25,'1 SEMANA'),(64,'CT00029',25,0,'',0,'',5,'EDER ABEL MARISCAL ESCAMILLA',0,'2020-08-11 17:55:59',1,43,'BOMBA CENTRIFUGA KSB MODELO ETNY100-080-160 SG 3X4-8\n\nCONTRUCCION:\nIMPULSOR: FUNDICION  EN-GJL- 250/A48CL35B\nEJE: ACERO 1.4021+QT+HRC 50\nCAJA DE RODAMIENTOS: FUNDICION ESFEROLITICA EN-GJS-400-15\n\nCONDICIONES DE OPERACION:\n\nCAUDAL: 150 M3/H\nALTURA DE BOMBEO: 41 METROS\nTEMPERATURA BOMBEO: 170 °C\n\n\n\n\n','PIEZA',NULL,8326.8,8326.8,NULL,NULL,NULL,NULL,0,'','','ETNY100-080-160 SG ','KSB',NULL,'43',0,0,0,'11-12 semanas'),(65,'CT00030',26,0,'',0,'',8,'LUIS HUMBERTO REYNA GURROLA',0,'2020-08-11 20:52:59',1,46,'\nSUMINISTRO DE MANO DE OBRA CALIFICADA, HERRAMIENTA, MATERIALES NECESARIOS PARA REALIZAR MANTENIMIENTO A BOMBA DE VACIO           						\nSUMINISTRO DE MANO DE OBRA CALIFICADA, HERRAMIENTA, MATERIALES NECESARIOS PARA REALIZAR MANTENIMIENTO A BOMBA DE AGUA						\nBLOQUEO Y CANDADEO						\nRETIRAR GUARDA						\nRETIRAR COPLE FLEXIBLE (EN CASO DE REQUERIR CAMBIO  SE COTIZA POR SEPARADO)						\nDESMONTAJE DE BOMBA 						\nREVISION DE DESGASTES DE LA BOMBA						\nREVISIÓN DE COPLE						\nCAMBIO DE EMPAQUE DE CARCASA						\nLIMPIEZA GENERAL						\nINSPECCION DE MANGAS						\nREVISIÓN DE FLEXION DE FLECHA						\nCAMBIO DE RODAMIENTOS						\nINSPECCION DE ROTOR						\nREVISIÓN DE CLAROS Y TOLERANCIAS						\nCAMBIO DE EMPAQUETADURA 						\nREVISION DE ALOJAMIENTOS DE RODAMIENTOS						\nCAMBIO DE O RING S						\n						\nARMADO Y PRUEBAS						\n','PIEZA',NULL,71500,71500,NULL,NULL,NULL,NULL,0,'','','NASCH','',NULL,'46',0,0,0,''),(66,'CT00031',27,0,'',0,'',4,'VALERIA ALEJANDRINA ROSARIO JIMENEZ',0,'2020-08-11 22:19:28',1,44,'BOMBA NEUMÁTICA.\nPARA AIRE ACONDICIONADO, VOLTAJE 230 VCA, FRECUENCIA 50/60 HZ. AMPERAJE\n0,1 AMP, WATTS 16W (COMPLETA CON SUCCION Y DESCARGA).\nCODIGO: 7122351','PIEZA',NULL,190.14,190.14,NULL,NULL,NULL,NULL,0,'','','MINI ORANGE (FP 2473)','MARCA ASPEN ',NULL,'44',1,0,26,'1 SEMANA'),(67,'CT00032',28,0,'',0,'',5,'EDER ABEL MARISCAL ESCAMILLA',0,'2020-08-12 19:48:35',1,44,'BOMBA NEUMÁTICA.\nPARA AIRE ACONDICIONADO, VOLTAJE 230 VCA, FRECUENCIA 50/60 HZ. AMPERAJE\n0,1 AMP, WATTS 16W (COMPLETA CON SUCCION Y DESCARGA).\nCODIGO: 7122351','PIEZA',NULL,190.14,190.14,NULL,NULL,NULL,NULL,0,'','','MINI ORANGE (FP 2473)','MARCA ASPEN ',NULL,'44',1,0,28,'1-2 semanas'),(68,'CT00033',29,0,'',0,'',5,'EDER ABEL MARISCAL ESCAMILLA',0,'2020-08-12 20:19:51',1,45,'DEAN MODEL R4140 SIZE 4X6\nHORIZONTAL END SUCTION HEAVY DUTY HIGH TEMP CENTRIFUGAL PUMP, \nCARBON STEEL CONS 300# ANSI FLANGED PORTS FITTED WITH 609 SINGLE \nMECH SEAL CAR/TUNG FACES, WITH FTBVD STYLE GLAND    \nIMPELLER @ 7.75” DIA, INCLUDES STEEL COUPLING GUARD FOR 364TS FRAME SIZE.\n','PIEZA',NULL,15726.2,15726.2,NULL,NULL,NULL,NULL,0,'','','','',NULL,'45',0,0,0,''),(69,'CT00034',30,0,'',0,'',3,'GABRIELA ALEJANDRA BARRIOS REYNA',0,'2020-08-13 20:25:04',1,47,'BRIDA PARA ANSI 3 1/2\" EN PVC PARA AGITADOR VTA4-08.04 B 01(2)/08.6','PIEZA',NULL,268.5,268.5,NULL,NULL,NULL,NULL,0,'','','VTA4-08.04 B 01(2)/08.6','CFG',NULL,'47',0,0,0,''),(71,'CT00035',31,0,'',0,'',5,'EDER ABEL MARISCAL ESCAMILLA',0,'2020-08-13 20:47:26',1,50,'RECORTE PARA IMPULSOR BOMBA GOULDS 3196 MTI 3X4-13 EN 316-SS, RECORTE DE 12.750\" DIAM. ( PARA BOMBA DE TERMINADO L2)\n','SERVICIO',NULL,3800,3800,NULL,NULL,NULL,NULL,0,'','','','',NULL,'50',0,0,0,'1-2 dias '),(72,'CT00035',31,0,'',0,'',5,'EDER ABEL MARISCAL ESCAMILLA',0,'2020-08-13 20:47:42',1,48,'RECORTE PARA IMPULSOR BOMBA GOULDS 3196 LTI 4X6-10G EN 316-SS, RECORTE A  9.0000 IN\" DIAM. (PARA BOMBA\nBAF L2)\n','SERVICIO',NULL,3800,3800,NULL,NULL,NULL,NULL,0,'','','','',NULL,'47',0,0,0,'1-2 dias'),(73,'CT00035',31,0,'',0,'',5,'EDER ABEL MARISCAL ESCAMILLA',0,'2020-08-13 20:58:08',1,49,'BALANCEO DINÁMICO PARA IMPULSOR BOMBA GOULDS 3196 MTI 3X4-13 EN 316-SS, RECORTE DE 12.750\" DIAM. 1800 RPM ( PARA BOMBA DE TERMINADO L2)\n','SERVICIO',NULL,4000,4000,NULL,NULL,NULL,NULL,0,'','','','',NULL,'49',0,0,0,'1-2 dias'),(74,'CT00035',31,0,'',0,'',5,'EDER ABEL MARISCAL ESCAMILLA',0,'2020-08-13 20:58:27',1,51,'BALANCEO DINÁMICO  PARA IMPULSOR PARA BOMBA GOULDS 3196 LTI 4X6-10G EN 316-SS, DIÁMETRO A 9.0000 IN\" 3600 RPM (PARA BOMBA BAF L2)\n','SERVICIO',NULL,4000,4000,NULL,NULL,NULL,NULL,0,'','','','',NULL,'51',0,0,0,'1-2 dias'),(75,'CT00036',32,0,'',0,'',2,'LUIS HUMBERTO GOMEZ TIBURCIO',0,'2020-08-13 21:03:29',1,52,'SUMINISTRO DE MANO DE OBRA, HERRAMIENTA, MATERIALES CONSUMIBLES PARA LA REPARACIÓN DE BOMBA DE VACIO BAJO EL SIGUIENTE ALCANCE: TRASLADO A TALLER, DESARMADO, LIMPIEZA, ANÁLISIS DE PARTES, REVISIÓN DE CLAROS, APLICACIÓN DE SANDBLAST DE PARTES EXTERNAS, MAQUINADO DE FLECHA,  MAQUINADO DE MANGAS, INSTALACIÓN DE RODAMIENTOS, INSTALACIÓN DE EMPAQUETADURA, BALANCEO, APLICACIÓN DE RECUBRIMIENTO EPOXICO, ARMADO, AJUSTES SEGÚN FABRICANTE, APLICACIÓN DE PINTURA ANTICORROSIVA, APLICACIÓN DE PINTURA DE ACABADO.','PIEZA',NULL,250900,250900,NULL,NULL,NULL,NULL,0,'','','','',NULL,'52',0,0,0,'15 dias'),(78,'CT00037',33,0,'',0,'',5,'EDER ABEL MARISCAL ESCAMILLA',0,'2020-08-13 21:22:32',2,53,'BOMBA CENTRIFUGA HORIZONTAL TIPO ANSI B73.1M, \nMARCA: GOULDS MODELO CV3196 FABRICADA COMPLETAMENTE EN CD4MCU\n\nCARACTERÍSTICAS:\n•	BOMBA CENTRIFUGA HORIZONTAL BRIDAS ANSI  MARCA: GOULDS \n•	MODELO: 3196 TAMAÑO:   3X3-10\n•	CONDICIONES DE OPERACIÓN: CACHAZA , FLUJO 400 GPM Y TDH 60 FT \n•	SELLO MECÁNICO : EMPAQUETADURA\n•	MOTOR ELÉCTRICO: HORIZONTAL, MARCA US MOTOR, TIPO TOTALMENTE CERRADO CON \n                        VENTILACIÓN ALTA EFICIENCIA, POTENCIA 20 HP A 1800 RPM, FS 1.15, VOLTAJE \n                        220/440 VOLTS. \n•	ACOPLAMIENTO: MARCA REXNORD FLEXIBLE CON ESPACIADOR LIBRE DE LUBRICACIÓN. \n                         GUARDA COPLE. \n•	BASE METÁLICA:  TODO EL EQUIPO ARMADO, MONTADO Y PRE ALINEADO EN BASE DE ACERO \n                         TIPO ANSI. TODO EL EQUIPO MONTADO Y PREALINEADO.\n•	ACABADO: FONDO ANTICORROSIVO Y PINTURA EN POLIURETANO.\n\n','PIEZA',NULL,16500,33000,NULL,NULL,NULL,NULL,0,'','','CV 3196 3X3-10','GOULDS ',NULL,'52',0,0,0,'6 SEMANAS'),(80,'CT00039',35,0,'',0,'',8,'LUIS HUMBERTO REYNA GURROLA',0,'2020-08-13 21:38:16',1,54,'MOTOR DE 3 HP ','PIEZA',NULL,6900,6900,NULL,NULL,NULL,NULL,0,'','','US MOTORS','',NULL,'54',0,0,0,''),(81,'CT00038',34,0,'',0,'',8,'LUIS HUMBERTO REYNA GURROLA',0,'2020-08-13 21:42:34',1,26,'MANTENIMIENTO A REDUCTOR DE ACCIONAMIENTO DE TELAS DE FILTRO BANDA F6001.\nSE INCLUYE:\n1.	RETIRO DE REDUCTOR.\n2.	TRASLADO A TALLER IMPELLER WELL SERVICES\n3.	DESARMADO DE EQUIPO.\n4.	INSPECCIÓN DE INTERNOS\n5.	REPORTE PRELIMINAR DE CONDICIONES ENCONTRADAS \n6.	 SOLICITUD DE REFACCIONES.\n7.	REVISIÓN DE ALOJAMIENTOS DE CAJA REDUCTORA.\n8.	ARMADO DE RECTOR CON LOS AJUSTES REQUERIDOS POR EL EQUIPO.\n9.	TRASLADO DE EQUIPO A PLANTA INEOS STYROLUTION\n10.	INSTALACIÓN DE EQUIPO EN SU POSICIÓN DE TRABAJO.\n11.	PRUEBAS OPERATIVAS.\n12.	REPORTE TÉCNICO – FOTOGRÁFICO. \nSE INCLUYEN  MEDIDAS INICIALES Y FINALES, AJUSTES Y DETALLES ENCONTRADOS.\n','SERVICIO',NULL,14200,14200,NULL,NULL,NULL,NULL,0,'','','','',NULL,'26',0,0,0,''),(82,'CT00040',36,0,'',0,'',2,'LUIS HUMBERTO GOMEZ TIBURCIO',0,'2020-08-13 21:59:44',3,56,'MOTOBOMBA AUTOCEBANTE MARCA: BARNES, MODELO: 18M, 9HP A GASOLINA MONTADA SOBRE CARRO CON RUEDAS, CON LAS SIGUIENTES CARACTERÍSTICAS:\n\n•TAMAÑO: 3\" X 3\" (SUCCIÓN/DESCARGA) PASO DE SÓLIDOS: 3/4\" (1.91 CM). \n•IMPULSOR DISEÑO: 5 ÁLABES, TIPO SEMIABIERTO CON UN PASO DE SÓLIDOS DE 3/4\" (1.91 CM) BALANCEADO ESTÁTICAMENTE. \n•MATERIAL: HIERRO GRIS ASTM A-48, CLASE 30.\n•CUERPO HIERRO GRIS ASTM A-48, CLASE 30. CUENTA CON VOLUTA INTEGRADA. \n•ACOPLAMIENTO HIERRO GRIS ASTM A-48, CLASE 30.\n•SELLO MECANICO: LUBRICADO POR AGUA. MATERIAL: CERÁMICA PARTE ESTACIONARIA, ANILLO DE CARBÓN Y SELLO DE EXCLUSIÓN PARTE ROTATORIA, ELASTÓMERO DE BUNA-N, RESORTE DE ACERO INOXIDABLE.\n•EMPAQUES ADAMPAC.\n•LAINAS DE AJUSTE EN ACERO INOXIDABLE\n•MOTOR DE COMBUSTIÓN INTERNA A GASOLINA MONOCILINDRICO DE 4 TIEMPOS, MARCA: HONDA. \n•POTENCIA 9 HP \n•MONTADA SOBRE CARRO DE RUEDAS DE FIERRO PARA SU FÁCIL TRASLADO.\n•JUEGO DE MANGUERAS RÍGIDAS VERDE OLIVO CON ABRAZADERAS Y CONEXIONES RÁPIDAS (6 METROS EN LA SUCCIÓN Y 6 MTS EN LA DESCARGA)\n','PIEZA',NULL,32978,98934,NULL,NULL,NULL,NULL,0,'','','18M','BARNES',NULL,'56',0,0,0,'18 DIAS'),(83,'CT00041',37,0,'',0,'',8,'LUIS HUMBERTO REYNA GURROLA',0,'2020-08-14 20:22:37',1,57,'\n\"MANTENIMIENTO PREVENTIVO A MOTOR DE COMBUSTIÓN MARCA. JOHN\nDEERE (NO. DE SERIE PE4045D684521)\"						\nCONSISTE EN 						\nINSPECCIÓN DE RESISTENCIA ELÉCTRICA DEL SUS. AGUA						\nINSPECCIÓN DEL CABLEADO SUS. ELÉCTRICO						\nINSPECCIÓN DE BANDAS, MANGUERAS Y LUCES DE TABLERO						\nINSPECCIÓN / LIMPIEZA DE SUS. DE VENTEO DEL CIGÜEÑAL						\nCAMBIO DE FILTRO DE ACEITE DE MOTOR						\nCAMBIO DE FILTRO DEL DIÉSEL						\nCAMBIO DE FILTRO DE AIRE						\nCAMBIO DE REFRIGERANTE						\nREV./CAMBIO DE MANGUERAS						\nREV./CAMBIO DE BANDAS						\nREV./CAMBIO DE BATERÍAS						\nREVISIÓN DE BBA DE AGUA, SIST. DE EMISIÓN DE GASES						\nREVISIÓN DE BBA DE AGUA, SIST. DE EMISIÓN DE GASES						\n						\n						\nREFACCIONES Y ADICIONALES A ESTA COTIZACIÓN  SE COTIZAN POR SEPARADO						\n','PIEZA',NULL,29950,29950,NULL,NULL,NULL,NULL,0,'','','','',NULL,'57',0,0,0,'');

/*Table structure for table `empleado` */

DROP TABLE IF EXISTS `empleado`;

CREATE TABLE `empleado` (
  `id` int(10) NOT NULL AUTO_INCREMENT,
  `fecha_elaboracion` datetime DEFAULT NULL,
  `fecha_modificacion` datetime DEFAULT NULL,
  `empresa_id` int(10) DEFAULT NULL,
  `empresa` varchar(100) DEFAULT NULL,
  `unidad_id` int(10) DEFAULT NULL,
  `unidad` varchar(100) DEFAULT NULL,
  `usuario_id` int(10) DEFAULT NULL,
  `usuario` varchar(100) DEFAULT NULL,
  `password` varchar(100) DEFAULT NULL,
  `activo` tinyint(1) DEFAULT '1',
  `clave_empleado` varchar(100) DEFAULT NULL,
  `nombre` varchar(100) DEFAULT NULL,
  `apellido_paterno` varchar(100) DEFAULT NULL,
  `apellido_materno` varchar(100) DEFAULT NULL,
  `nss` varchar(100) DEFAULT NULL,
  `domicilio` varchar(100) DEFAULT NULL,
  `colonia` varchar(100) DEFAULT NULL,
  `cp` int(10) DEFAULT NULL,
  `ciudad` varchar(100) DEFAULT NULL,
  `estado` varchar(100) DEFAULT NULL,
  `pais` varchar(100) DEFAULT NULL,
  `telefono_empresa` varchar(100) DEFAULT NULL,
  `telefono_personal` varchar(100) DEFAULT NULL,
  `email_empresa` varchar(100) DEFAULT NULL,
  `email_personal` varchar(100) DEFAULT NULL,
  `fecha_ingreso` datetime DEFAULT NULL,
  `autorizador` tinyint(1) DEFAULT '1',
  `departamento_id` int(10) DEFAULT NULL,
  `departamento` varchar(100) DEFAULT NULL,
  `puesto_id` int(10) DEFAULT NULL,
  `puesto` varchar(100) DEFAULT NULL,
  `clasificacion_puesto` varchar(100) DEFAULT NULL,
  `url_firma` varchar(120) DEFAULT NULL,
  PRIMARY KEY (`id`)
) ENGINE=InnoDB AUTO_INCREMENT=11 DEFAULT CHARSET=utf8;

/*Data for the table `empleado` */

insert  into `empleado`(`id`,`fecha_elaboracion`,`fecha_modificacion`,`empresa_id`,`empresa`,`unidad_id`,`unidad`,`usuario_id`,`usuario`,`password`,`activo`,`clave_empleado`,`nombre`,`apellido_paterno`,`apellido_materno`,`nss`,`domicilio`,`colonia`,`cp`,`ciudad`,`estado`,`pais`,`telefono_empresa`,`telefono_personal`,`email_empresa`,`email_personal`,`fecha_ingreso`,`autorizador`,`departamento_id`,`departamento`,`puesto_id`,`puesto`,`clasificacion_puesto`,`url_firma`) values (1,'2020-05-07 14:31:01','2020-05-07 14:31:01',NULL,NULL,NULL,NULL,NULL,'asequera','asequera.3321',1,NULL,'JESUS ARMANDO','SEQUERA','LOYA',NULL,NULL,NULL,NULL,NULL,'TAMAULIPAS','MEXICO','8333992231','8338503576','asequera@impeller.com.mx',NULL,NULL,1,NULL,'GERENCIA',NULL,'GERENTE GENERAL',NULL,NULL),(2,'2020-05-07 14:31:01','2020-05-07 14:31:01',NULL,NULL,NULL,NULL,NULL,'luis','luis.3389',1,NULL,'LUIS HUMBERTO','GOMEZ','TIBURCIO',NULL,NULL,NULL,NULL,NULL,'TAMAULIPAS','MEXICO','8333992231','8333140906','luis@impeller.com.mx',NULL,NULL,1,NULL,'GERENCIA',NULL,'GERENTE ADMINISTRATIVO',NULL,NULL),(3,'2020-05-07 14:31:01','2020-05-25 11:46:51',NULL,NULL,NULL,NULL,NULL,'gabriela','gabriela.2245',1,NULL,'GABRIELA ALEJANDRA','BARRIOS','REYNA',NULL,NULL,NULL,NULL,NULL,'TAMAULIPAS','MEXICO','8333992231','8331100147','gabriela@impeller.com.mx',NULL,'2020-05-25 00:00:00',1,NULL,'VENTAS',NULL,'GERENTE DE VENTAS',NULL,NULL),(4,'2020-05-07 14:31:01','2020-05-07 14:31:01',NULL,NULL,NULL,NULL,NULL,'valeria','valeria.1214',1,NULL,'VALERIA ALEJANDRINA','ROSARIO','JIMENEZ',NULL,NULL,NULL,NULL,NULL,'TAMAULIPAS','MEXICO','8333992231','8334032908','valeria@impeller.com.mx',NULL,NULL,0,NULL,'VENTAS',NULL,'AUXILIAR DE VENTAS',NULL,NULL),(5,'2020-05-07 14:31:01','2020-05-07 14:31:01',NULL,NULL,NULL,NULL,NULL,'eder','eder.8574',1,NULL,'EDER ABEL','MARISCAL','ESCAMILLA',NULL,NULL,NULL,NULL,NULL,'TAMAULIPAS','MEXICO','8333992231','8332896777','eder@impeller.com.mx',NULL,NULL,0,NULL,'VENTAS',NULL,'AUXILIAR DE VENTAS',NULL,NULL),(6,'2020-05-07 14:31:01','2020-05-07 14:31:01',NULL,NULL,NULL,NULL,NULL,'keren','keren5510.3698',1,NULL,'KEREN LIZETH','ECHEVERRIA','GARCIA',NULL,NULL,NULL,NULL,NULL,'TAMAULIPAS','MEXICO','8333992231','8333992231','keren@impeller.com.mx',NULL,NULL,0,NULL,'COMPRAS',NULL,'AUXILIAR DE COMPRAS',NULL,NULL),(7,'2020-05-07 14:31:01','2020-05-07 14:31:01',NULL,NULL,NULL,NULL,NULL,'ameraz','alejandro.2200',1,NULL,'OMAR ALEJANDRO','MERAZ','LARA',NULL,NULL,NULL,NULL,NULL,'TAMAULIPAS','MEXICO','8333992231','8334445525','ameraz@impeller.com.mx',NULL,NULL,0,NULL,'ALMACEN',NULL,'AUXILIAR DE ALMACEN',NULL,NULL),(8,'2020-05-07 14:31:01','2020-05-07 14:31:01',NULL,NULL,NULL,NULL,NULL,'hreyna','hreyna.9865',1,NULL,'LUIS HUMBERTO','REYNA','GURROLA',NULL,NULL,NULL,NULL,NULL,'TAMAULIPAS','MEXICO','8333992231','8334021468','hreyna@impeller.com.mx',NULL,NULL,0,NULL,'VENTAS',NULL,'AUXILIAR DE VENTAS',NULL,NULL),(9,'2020-05-07 14:31:01','2020-05-07 14:31:01',NULL,NULL,NULL,NULL,NULL,'rcruz','rcruz.9905',1,NULL,'RUBEN','CRUZ','RAVIZE',NULL,NULL,NULL,NULL,NULL,'TAMAULIPAS','MEXICO','8333992231',NULL,'rcruz@impeller.com.mx',NULL,NULL,0,NULL,'OPERACIONES',NULL,'AUXILIAR DE OPERACIONES',NULL,NULL);

/*Table structure for table `node_file` */

DROP TABLE IF EXISTS `node_file`;

CREATE TABLE `node_file` (
  `id` int(10) NOT NULL AUTO_INCREMENT,
  `parent_id` int(10) DEFAULT NULL,
  `parent_folio` varchar(100) CHARACTER SET utf8 COLLATE utf8_general_ci DEFAULT NULL,
  `nombre` varchar(100) CHARACTER SET utf8 COLLATE utf8_general_ci DEFAULT NULL,
  `folio` varchar(100) CHARACTER SET utf8 COLLATE utf8_general_ci DEFAULT NULL,
  `cliente_proveedor_id` int(10) DEFAULT NULL,
  `cliente_proveedor` varchar(255) CHARACTER SET utf8 COLLATE utf8_general_ci DEFAULT NULL,
  `tipo_documento` varchar(100) CHARACTER SET utf8 COLLATE utf8_general_ci DEFAULT NULL,
  `url` text CHARACTER SET utf8 COLLATE utf8_general_ci,
  `extension` varchar(100) CHARACTER SET utf8 COLLATE utf8_general_ci DEFAULT NULL,
  PRIMARY KEY (`id`)
) ENGINE=InnoDB AUTO_INCREMENT=3 DEFAULT CHARSET=utf8;

/*Data for the table `node_file` */

insert  into `node_file`(`id`,`parent_id`,`parent_folio`,`nombre`,`folio`,`cliente_proveedor_id`,`cliente_proveedor`,`tipo_documento`,`url`,`extension`) values (1,27,'RQ00027','49532.pdf','49532',17,'PROPART INC.','REQUISICION DE COMPRA','/home/admindev/serverapps/tomcat9/ED_Impeller/REQUISICION DE COMPRA/RQ00027/49532.pdf','application/pdf');

/*Table structure for table `orden_compra` */

DROP TABLE IF EXISTS `orden_compra`;

CREATE TABLE `orden_compra` (
  `id` int(10) NOT NULL AUTO_INCREMENT,
  `fecha_elaboracion` datetime DEFAULT NULL,
  `fecha_modificacion` datetime DEFAULT NULL,
  `empresa_id` int(10) DEFAULT NULL,
  `empresa` varchar(100) DEFAULT NULL,
  `unidad_id` int(10) DEFAULT NULL,
  `unidad` varchar(100) DEFAULT NULL,
  `usuario_id` int(10) DEFAULT NULL,
  `usuario` varchar(100) DEFAULT NULL,
  `estado_doc` varchar(100) DEFAULT NULL,
  `estado` varchar(100) DEFAULT NULL,
  `folio` varchar(100) DEFAULT NULL,
  `serie` varchar(100) DEFAULT NULL,
  `observaciones` text CHARACTER SET utf8 COLLATE utf8_general_ci,
  `tipo_documento` varchar(100) DEFAULT NULL,
  `tipo_archivo` varchar(100) DEFAULT NULL,
  `razon_cancelar` text CHARACTER SET utf8 COLLATE utf8_general_ci,
  `cliente_id` int(10) DEFAULT NULL,
  `cliente` varchar(100) DEFAULT NULL,
  `cliente_rfc` varchar(100) DEFAULT NULL,
  `metodo_pago` varchar(100) DEFAULT NULL,
  `moneda` varchar(100) DEFAULT NULL,
  `tipo_cambio` double(8,2) DEFAULT NULL,
  `importe` double(15,2) DEFAULT NULL,
  `descuento` double(10,1) DEFAULT NULL,
  `subtotal` double(15,2) DEFAULT NULL,
  `iva` double(10,1) DEFAULT NULL,
  `total` double(15,2) DEFAULT NULL,
  `porc_iva` int(10) DEFAULT NULL,
  `importe_letra` text,
  `activo` tinyint(1) DEFAULT '1',
  `proveedor_id` int(10) DEFAULT NULL,
  `proveedor` varchar(100) DEFAULT NULL,
  `cond_pago` text CHARACTER SET utf8 COLLATE utf8_general_ci,
  `requisicion_id` int(10) DEFAULT NULL,
  `folio_requisicion` varchar(100) DEFAULT NULL,
  `solicita_id` int(10) DEFAULT NULL,
  `solicita` varchar(100) DEFAULT NULL,
  `recibe_id` int(10) DEFAULT NULL,
  `recibe` varchar(100) DEFAULT NULL,
  `autoriza_id` int(10) DEFAULT NULL,
  `autoriza` varchar(100) DEFAULT NULL,
  `fecha_entrega` datetime DEFAULT NULL,
  `direccion_entrega` varchar(100) DEFAULT NULL,
  `fecha_requisicion` datetime DEFAULT NULL,
  `factura_id` int(10) DEFAULT NULL,
  `factura` varchar(100) DEFAULT NULL,
  `folio_factura` varchar(100) DEFAULT NULL,
  `no_cuenta` varchar(100) DEFAULT NULL,
  `interbancaria` varchar(100) DEFAULT NULL,
  `banco` varchar(100) DEFAULT NULL,
  `sucursal` varchar(100) DEFAULT NULL,
  `concepto_pago` varchar(100) DEFAULT NULL,
  `fecha_autoriza` datetime DEFAULT NULL,
  `firma_autoriza` varchar(100) DEFAULT NULL,
  `forma_pago` varchar(100) DEFAULT NULL,
  `fecha_solicita` datetime DEFAULT NULL,
  `firma_solicita` varchar(100) DEFAULT NULL,
  `pedido` varchar(25) DEFAULT NULL,
  `comprador` varchar(100) DEFAULT NULL,
  `tiempo_entrega` varchar(100) DEFAULT NULL,
  `instrucciones_entrega` text,
  `cotizacion_id` int(10) DEFAULT NULL,
  `cotizacion` varchar(50) DEFAULT NULL,
  `cotizacion_proveedor` varchar(50) DEFAULT NULL,
  PRIMARY KEY (`id`)
) ENGINE=InnoDB AUTO_INCREMENT=4 DEFAULT CHARSET=utf8;

/*Data for the table `orden_compra` */

insert  into `orden_compra`(`id`,`fecha_elaboracion`,`fecha_modificacion`,`empresa_id`,`empresa`,`unidad_id`,`unidad`,`usuario_id`,`usuario`,`estado_doc`,`estado`,`folio`,`serie`,`observaciones`,`tipo_documento`,`tipo_archivo`,`razon_cancelar`,`cliente_id`,`cliente`,`cliente_rfc`,`metodo_pago`,`moneda`,`tipo_cambio`,`importe`,`descuento`,`subtotal`,`iva`,`total`,`porc_iva`,`importe_letra`,`activo`,`proveedor_id`,`proveedor`,`cond_pago`,`requisicion_id`,`folio_requisicion`,`solicita_id`,`solicita`,`recibe_id`,`recibe`,`autoriza_id`,`autoriza`,`fecha_entrega`,`direccion_entrega`,`fecha_requisicion`,`factura_id`,`factura`,`folio_factura`,`no_cuenta`,`interbancaria`,`banco`,`sucursal`,`concepto_pago`,`fecha_autoriza`,`firma_autoriza`,`forma_pago`,`fecha_solicita`,`firma_solicita`,`pedido`,`comprador`,`tiempo_entrega`,`instrucciones_entrega`,`cotizacion_id`,`cotizacion`,`cotizacion_proveedor`) values (1,'2020-07-20 21:01:57','2020-07-20 22:51:15',0,'',0,'',6,'KEREN LIZETH ECHEVERRIA GARCIA','EN PROCESO','','OC00001','','SE ADJUNTA COTIZACIÓN DEL PROVEEDOR ','ORDEN DE COMPRA','PDF','',0,'','','EFECTIVO','DOLARES',22.49,257.15,0.0,257.15,41.0,298.15,16,'DOSCIENTOS NOVENTA Y OCHO DOLARES 15/100 USD.',1,10,'TRANSMISIONES Y EQUIPOS INDUSTRIALES, S.A. DE C.V.','CREDITO',5,'RQ00005',NULL,'GABRIELA ALEJANDRA BARRIOS REYNA',NULL,'Almacen Matriz',3,'GABRIELA ALEJANDRA BARRIOS REYNA','2020-08-24 00:00:00','SERVICIO OCURRE POR PAQUETEXPRESS CON CARGO AL CONVENIO# 3195869','2020-07-20 00:00:00',NULL,NULL,NULL,NULL,NULL,NULL,NULL,NULL,NULL,NULL,NULL,NULL,'19834B414BE10848E5074A99DAEFA7CD',NULL,'GABRIELA ALEJANDRA BARRIOS REYNA','5 SEMANAS',NULL,1,'CT00001','0'),(2,'2020-07-20 21:01:57','2020-07-20 22:31:52',0,'',0,'',6,'KEREN LIZETH ECHEVERRIA GARCIA','ENTREGADO','','OC00002','','SE ADJUNTA COTIZACIÓN DEL PROVEEDOR ','ORDEN DE COMPRA','PDF','',0,'','','EFECTIVO','DOLARES',22.49,257.15,0.0,257.15,41.0,298.15,16,'DOSCIENTOS NOVENTA Y OCHO Y 15/100 PESOS MEXICANOS.',1,10,'TRANSMISIONES Y EQUIPOS INDUSTRIALES, S.A. DE C.V.','CREDITO',5,'RQ00005',NULL,'GABRIELA ALEJANDRA BARRIOS REYNA',NULL,'Almacen Matriz',3,'GABRIELA ALEJANDRA BARRIOS REYNA','2020-08-24 00:00:00','SERVICIO OCURRE PAQUETEXPRESS CON CARGO AL CONVENIO# 3195869','2020-07-20 00:00:00',NULL,NULL,NULL,NULL,NULL,NULL,NULL,NULL,NULL,NULL,NULL,NULL,'2701FFC5DCBDE6E30F93D851DEAB1A03',NULL,'GABRIELA ALEJANDRA BARRIOS REYNA','5-7 SEMANAS',NULL,1,'CT00001','0'),(3,'2020-08-13 19:44:06','2020-08-13 20:51:34',0,'',0,'',6,'KEREN LIZETH ECHEVERRIA GARCIA','EN PROCESO','','OC00003','','','ORDEN DE COMPRA','PDF','',0,'','','TRANSFERENCIA','DOLARES',1.00,1685.00,0.0,1685.00,0.0,1685.00,16,'UN MIL SEISCIENTOS OCHENTA Y CINCO DOLARES 00/100  USD.',1,17,'PROPART INC.','CREDITO',27,'RQ00027',NULL,'EDER ABEL MARISCAL ESCAMILLA',NULL,'Almacen Matriz',3,'GABRIELA ALEJANDRA BARRIOS REYNA','2020-08-27 00:00:00','GLOBAL TRADE FRONTIER','2020-08-13 00:00:00',NULL,NULL,NULL,NULL,NULL,NULL,NULL,NULL,NULL,NULL,NULL,NULL,'593F645121C7871789A734BD145A93C7',NULL,'EDER ABEL MARISCAL ESCAMILLA','2-4 SEMANAS',NULL,18,'CT00022','49532');

/*Table structure for table `orden_compra_det` */

DROP TABLE IF EXISTS `orden_compra_det`;

CREATE TABLE `orden_compra_det` (
  `id` int(10) NOT NULL AUTO_INCREMENT,
  `folio` varchar(100) DEFAULT NULL,
  `documento_id` int(10) DEFAULT NULL,
  `empresa_id` int(10) DEFAULT NULL,
  `empresa` varchar(100) DEFAULT NULL,
  `unidad_id` int(10) DEFAULT NULL,
  `unidad` varchar(100) DEFAULT NULL,
  `usuario_id` int(10) DEFAULT NULL,
  `usuario` varchar(100) DEFAULT NULL,
  `no_partida` int(10) DEFAULT NULL,
  `fecha_alta` datetime DEFAULT NULL,
  `cantidad` int(10) DEFAULT NULL,
  `producto_id` int(10) DEFAULT NULL,
  `descripcion` text CHARACTER SET utf8 COLLATE utf8_general_ci,
  `unidad_medida` varchar(100) DEFAULT NULL,
  `porc_iva` int(2) DEFAULT NULL,
  `precio_unitario` double(15,2) DEFAULT NULL,
  `importe` double(15,2) DEFAULT NULL,
  `descuento` double(10,1) DEFAULT NULL,
  `subtotal` double(15,2) DEFAULT NULL,
  `iva` double(10,1) DEFAULT NULL,
  `total` double(15,2) DEFAULT NULL,
  `servicio` tinyint(1) DEFAULT '0',
  `folio_requisicion` varchar(100) DEFAULT NULL,
  `requisicion_id` int(10) DEFAULT NULL,
  `no_parte` varchar(100) DEFAULT NULL,
  `no_serie` varchar(100) DEFAULT NULL,
  `modelo` varchar(100) DEFAULT NULL,
  `marca` varchar(100) DEFAULT NULL,
  `codigo_proveedor` varchar(100) DEFAULT NULL,
  `codigo_interno` varchar(100) DEFAULT NULL,
  PRIMARY KEY (`id`)
) ENGINE=InnoDB AUTO_INCREMENT=7 DEFAULT CHARSET=utf8;

/*Data for the table `orden_compra_det` */

insert  into `orden_compra_det`(`id`,`folio`,`documento_id`,`empresa_id`,`empresa`,`unidad_id`,`unidad`,`usuario_id`,`usuario`,`no_partida`,`fecha_alta`,`cantidad`,`producto_id`,`descripcion`,`unidad_medida`,`porc_iva`,`precio_unitario`,`importe`,`descuento`,`subtotal`,`iva`,`total`,`servicio`,`folio_requisicion`,`requisicion_id`,`no_parte`,`no_serie`,`modelo`,`marca`,`codigo_proveedor`,`codigo_interno`) values (1,'',0,0,'',0,'',6,'KEREN LIZETH ECHEVERRIA GARCIA',0,'2020-07-20 21:05:53',5,2,'SILENCIADOR VTM-8','PIEZA',NULL,51.43,NULL,NULL,NULL,NULL,NULL,0,NULL,NULL,'VTM-8','-','E3','VERSAMATIC',NULL,'2'),(3,'OC00002',2,0,'',0,'',6,'KEREN LIZETH ECHEVERRIA GARCIA',0,'2020-07-20 21:05:53',5,2,'SILENCIADOR VTM-8','PIEZA',NULL,51.43,257.15,NULL,NULL,NULL,NULL,0,NULL,NULL,'VTM-8','-','E3','VERSAMATIC','10','2'),(4,'',0,0,'',0,'',6,'KEREN LIZETH ECHEVERRIA GARCIA',0,'2020-07-30 20:55:25',1,13,'SERVICIO DE MAQUINADO','PIEZA',NULL,0.00,NULL,NULL,NULL,NULL,NULL,0,NULL,NULL,'N/A','','N/A','',NULL,'13'),(5,'OC00003',3,0,'',0,'',6,'KEREN LIZETH ECHEVERRIA GARCIA',0,'2020-08-13 19:44:20',1,29,'IMPULSOR PARA BOMBA GOULDS 3196 LTI 4X6-10G EN 316-SS, DIÁMETRO DE 10\" ','PIEZA',16,990.00,990.00,0.0,990.00,158.4,1148.40,0,'RQ00027',27,'GOU 0C06089A-1203','','3196 LTI 4X6-10G EN 316-SS','GOULDS','17','29'),(6,'OC00003',3,0,'',0,'',6,'KEREN LIZETH ECHEVERRIA GARCIA',0,'2020-08-13 19:44:20',1,30,'IMPULSOR PARA BOMBA GOULDS 3196 MTI 3X4-13 EN 316-SS, DIÁMETRO DE 13\" ','PIEZA',16,695.00,695.00,0.0,695.00,111.2,806.20,0,'RQ00027',27,'GOU RB10542-1203','','3196 MTI 3X4-13 EN 316-SS','GOULDS','17','30');

/*Table structure for table `producto` */

DROP TABLE IF EXISTS `producto`;

CREATE TABLE `producto` (
  `id` int(10) NOT NULL AUTO_INCREMENT,
  `fecha_elaboracion` datetime DEFAULT NULL,
  `fecha_modificacion` datetime DEFAULT NULL,
  `empresa_id` int(10) DEFAULT NULL,
  `empresa` varchar(100) DEFAULT NULL,
  `unidad_id` int(10) DEFAULT NULL,
  `unidad` varchar(100) DEFAULT NULL,
  `usuario_id` int(10) DEFAULT NULL,
  `usuario` varchar(100) DEFAULT NULL,
  `activo` tinyint(1) DEFAULT '1',
  `codigo_interno` varchar(100) DEFAULT NULL,
  `descripcion_corta` varchar(100) DEFAULT NULL,
  `descripcion` text,
  `modelo` varchar(100) DEFAULT NULL,
  `no_parte` varchar(100) DEFAULT NULL,
  `no_serie` varchar(100) DEFAULT NULL,
  `marca` varchar(100) DEFAULT NULL,
  `unidad_medida` varchar(100) DEFAULT NULL,
  `tipo_producto` varchar(100) DEFAULT NULL,
  `sub_tipo_producto` varchar(100) DEFAULT NULL,
  `clasificacion` varchar(100) DEFAULT NULL,
  `inventariable` tinyint(1) DEFAULT '1',
  `inventario_actual` int(10) DEFAULT NULL,
  `inventario_maximo` int(10) DEFAULT NULL,
  `inventario_minimo` int(10) DEFAULT NULL,
  `porc_iva` int(11) DEFAULT NULL,
  `precio_compra` double DEFAULT NULL,
  `iva_compra` double DEFAULT NULL,
  `precio_venta` double DEFAULT NULL,
  `iva_venta` double DEFAULT NULL,
  `porc_descuento` double DEFAULT NULL,
  `descuento_venta` double DEFAULT NULL,
  `porc_utilidad` double DEFAULT NULL,
  `proveedor_id_1` int(10) DEFAULT NULL,
  `proveedor_1` varchar(100) DEFAULT NULL,
  `proveedor_id_2` int(10) DEFAULT NULL,
  `proveedor_2` varchar(100) DEFAULT NULL,
  PRIMARY KEY (`id`)
) ENGINE=InnoDB AUTO_INCREMENT=58 DEFAULT CHARSET=utf8;

/*Data for the table `producto` */

insert  into `producto`(`id`,`fecha_elaboracion`,`fecha_modificacion`,`empresa_id`,`empresa`,`unidad_id`,`unidad`,`usuario_id`,`usuario`,`activo`,`codigo_interno`,`descripcion_corta`,`descripcion`,`modelo`,`no_parte`,`no_serie`,`marca`,`unidad_medida`,`tipo_producto`,`sub_tipo_producto`,`clasificacion`,`inventariable`,`inventario_actual`,`inventario_maximo`,`inventario_minimo`,`porc_iva`,`precio_compra`,`iva_compra`,`precio_venta`,`iva_venta`,`porc_descuento`,`descuento_venta`,`porc_utilidad`,`proveedor_id_1`,`proveedor_1`,`proveedor_id_2`,`proveedor_2`) values (1,'2020-07-17 20:30:20','2020-07-17 20:30:20',0,'',0,'',0,'',1,'1','COPLE ES10 OMEGA REXNOR ','','ES10','','','OMEGA REXNOR ','PIEZA','','','',0,0,0,0,16,6300,0,0,0,0,0,0,0,'',0,''),(2,'2020-07-20 15:19:03','2020-07-20 15:19:03',0,'',0,'',0,'',1,'2','SILENCIADOR VTM-8','','E3','VTM-8','-','VERSAMATIC','PIEZA','','','',0,0,0,0,16,51.43,0,0,0,0,0,0,0,'',0,''),(3,'2020-07-20 21:13:01','2020-07-20 21:13:01',0,'',0,'',0,'',1,'3','SERVICIO DE REPARACIÓN DE CABEZAL URACA','','500','','','URACA','PIEZA','','','',0,0,0,0,16,13585.305,0,0,0,0,0,0,0,'',0,''),(6,'2020-07-21 20:44:00','2020-07-21 20:44:00',0,'',0,'',0,'',1,'6','VALVULA TIPO GLOBO DE 3\" 150#','','FIGURA W-5275F-AA','CON CPO. DE AC. FUNDIDO A216 GR WCB INT. AC. INOX.','','WALWORTH','PIEZA','','','',0,0,0,0,16,320.56,0,0,0,0,0,0,0,'',0,''),(7,'2020-07-21 20:48:46','2020-07-21 20:48:46',0,'',0,'',0,'',1,'7','BOMBA DE VACIADO DE TAMBORES','',' PFS40-40','ACERO INOXIDABLE CON INTERNOS DE ALLOY 625 FKM','','','PIEZA','','','',0,0,0,0,16,494.45,0,0,0,0,0,0,0,'',0,''),(8,'2020-07-21 20:50:22','2020-07-21 20:50:22',0,'',0,'',0,'',1,'8','MOTOR NEUMATICO ,80-100PSI@15-32CFM, 300-9,000 RPM','','MOD.M6','','','MCA. FINISH THOMPSON','PIEZA','','','',0,0,0,0,16,300.15,0,0,0,0,0,0,0,'',0,''),(9,'2020-07-22 14:41:21','2020-07-23 20:27:59',0,'',0,'',0,'',1,'9','MANTENIMIENTO PREDICTIVO A BOMBA ELÉCTRICA TIPO JOKEY','SUMINISTRO DE MANO DE OBRA CALIFICADA Y MATERIALES 						\nNECESARIOS PARA REALIZAR MANTENIMIENTO A  BOMBA						\nELÉCTRICA TIPO JOKEY						\n						\nCONSISTE EN 						\nA)	BLOQUEO ELÉCTRICO						\nB)	DESACOPLAR BOMBA						\nC)	REVISIÓN DE COPLE						\nD)	REVISIÓN DE VENTILADOR						\nE)	REVISIÓN DE ALINEACIÓN						\nF)	MEGUEO DE MOTOR						\nG)	REVISIÓN DE CONEXIONES						\nH)	REVISIÓN DE EMPAQUES \n','','','','','SERVICIO','','','SERVICIO',0,0,0,0,16,6500,896.55,7500,1034.48,0,0,0,11,'RODAMIENTOS Y ACCESORIOS S.A. DE C.V.',3,' ABSORMEX CMPC TISSUE, S.A. DE C.V.'),(11,'2020-07-23 17:36:59','2020-07-23 20:55:22',0,'',0,'',0,'',1,'11','BOMBA DE DOBLE DIAFRAGMA DE 1/2\"','MARCA: IWAKI AIR\nMODELO: TC-X151VT-NPT\nCUERPO DE LA BOMBA: KYNAR\nDIAFRAGMAS: TEFLÓN\nVÁLVULAS PLANAS: TEFLÓN\nASIENTOS: KYNAR\nSUCCIÓN: 1/2\"\nDESCARGA: 1/2\"\nTIPO DE CONEXIÓN: ROSCADA NPT','TC-X151VT-NPT','1E00051MN','-','IWAKI','PIEZA','','','',0,0,0,0,16,880,121.38,1086,149.79,0,0,0,21,'IWAKI AMERICA ',21,'IWAKI AMERICA '),(12,'2020-07-28 17:02:06','2020-07-28 17:02:06',0,'',0,'',0,'',1,'12','BOMBA HAWK MODELO XLT 1830IR','','XLT 1830IR','1.099-088.0','-','HAWK','PIEZA','','','',0,0,0,0,16,1829.25,0,0,0,0,0,0,0,'',0,''),(13,'2020-07-29 22:00:46','2020-07-29 22:00:46',0,'',0,'',0,'',1,'13','SERVICIO DE MAQUINADO','','N/A','N/A','','','PIEZA','','','',0,0,0,0,16,0,0,0,0,0,0,0,0,'',0,''),(14,'2020-07-31 20:05:58','2020-07-31 20:05:58',0,'',0,'',0,'',1,'14','MANO DE OBRA POR SERVICIO DE MANTENIMIENTO CORRECTIVO A BOMBA VERTICAL ','TRASLADO DE NALCO A TALLER, ASI COMO RETORNO A PLANTA FABRICACION DE FLECHAS DE IMPULSORES, COLUMNA Y MOTRIZ FABRICACION E INSTALACION DE BUJES DE TAZONES, PRENSE Y CENTRADOR BALANCEO DE IMPULSOR ARMADO','GOULDS VIT 5 STAGES','','','GOULDS ','SERVICIO','','','SERVICIO',0,0,0,0,16,0,0,0,0,0,0,0,5,'AMSI-TA APLICACIONES MANTENIMIENTO Y SERVICIOS INDUSTRIALES.',5,'AMSI-TA APLICACIONES MANTENIMIENTO Y SERVICIOS INDUSTRIALES.'),(15,'2020-07-31 20:09:29','2020-07-31 20:09:29',0,'',0,'',0,'',1,'15','SUMINISTRO DE MATERIALES PARA MANTENIMIENTO CORRECTIVO DE BOMBA VERTICAL','SUMINISTRO DE FLECHAS EN SS416, SUMINISTRO DE BRONCE SAE64 PARA BUJES, SUMINISTRO DE BRONCE SAE64 PARA ANILLOS DE DESGASTE, SUMINISTRO DE PINTURA 25P PARA FONDO Y 10P PARA ACABADOS','GOULDS VIT CT 05 STAGES','','','GOULDS ','SERVICIO','','','SERVICIO',0,0,0,0,16,0,0,0,0,0,0,0,2,'ACEROX',2,'ACEROX'),(16,'2020-07-31 20:14:11','2020-07-31 20:14:11',0,'',0,'',0,'',1,'16','SERVICIO DE MANTENIMIENTO A BOMBA GOULDS','','','','','','PIEZA','','','',0,0,0,0,16,14274.18,0,0,0,0,0,0,0,'',0,''),(17,'2020-08-03 14:37:48','2020-08-03 14:51:28',0,'',0,'',0,'',1,'17','CAMIÓN DE ALTO VACÍO DE 12.0 METROS CÚBICOS','','12.0 METROS CÚBICOS','','','','SERVICIO','','','',0,0,0,0,16,1800,0,0,0,0,0,0,3,' ABSORMEX CMPC TISSUE, S.A. DE C.V.',3,' ABSORMEX CMPC TISSUE, S.A. DE C.V.'),(18,'2020-08-03 20:58:40','2020-08-03 21:03:36',0,'',0,'',0,'',1,'18','SERVICIO DE MANTENIMIENTO BOMBA VERTICAL GOULDS MG-2295 TAG P1101 A/B','SE INCLUYE:\n\nA)      RECEPCIÓN EN PLANTA INEOS SITIO ALTAMIRA Y TRASLADO A TALLER DE IMPELLER\nB)      DESARMADO E INSPECCIÓN GENERAL.\nC)      REVISIÓN DE DEFLEXIÓN Y DESGASTE EN FLECHA DE COLUMNA\nD)      REVISIÓN DE DEFLEXIÓN Y DESGASTE EN FLECHA DE CUERPO DE TAZONES\nE)      REVISIÓN DE CLAROS EN BUJES DE TAZONES\nF)       REVISIÓN DE CLAROS DE DESGASTE EN ANILLOS DE DESGASTE\nG)     REVISIÓN DE CLARO DE ESTADO DE MANGUITOS CÓNICOS\nH)     REVISIÓN DE ESTADO DE IMPULSORES\nI)        PRUEBA DE LÍQUIDOS PENETRANTES A IMPULSORES\nJ)        ENTREGA DE REPORTE FOTOGRÁFICO Y TÉCNICO\nK)      ARMANDO DE EQUIPO Y TRASLADO A PLANTA INEOS SITIO ALTAMIRA','GOULDS MG-2295 ','','','','SERVICIO','','','',0,0,0,0,16,35000,0,0,0,0,0,0,3,' ABSORMEX CMPC TISSUE, S.A. DE C.V.',3,' ABSORMEX CMPC TISSUE, S.A. DE C.V.'),(19,'2020-08-04 15:20:51','2020-08-04 15:20:51',0,'',0,'',0,'',1,'19','VIBRADOR NEUMÁTICO MARCA HOUSTON MODELO HVT 280-1','VIBRADOR NEUMÁTICO MARCA HOUSTON MODELO HVT 280-1','HVT 280-1','','','HOUSTON','PIEZA','','','PRODUCTO',1,0,0,0,16,0,0,492.75,67.97,0,0,0,23,'MEXTRADE INTERNACIONAL, S.A. DE C.V.',3,' ABSORMEX CMPC TISSUE, S.A. DE C.V.'),(20,'2020-08-04 15:49:29','2020-08-04 15:49:29',0,'',0,'',0,'',1,'20','AMORTIGUADOR DE PULSACIONES ','AMORTIGUADOR DE PULSACIONES MARCA MARCA VERSAMATIC MODELO VTA 3, \nDIÁMETRO: DE 3\"\nCONSTRUCCIÓN: ALUMINIO\nDIAFRAGMA: TEFLÓN \nMÁXIMA PRESIÓN DE TRABAJO: 8.6 BAR (125 PSI)','VTA 3 DL2','','','VERSAMATIC ','PIEZA','','','PRODUCTO',1,0,0,0,16,0,0,3029.91,0,0,0,0,10,'TRANSMISIONES Y EQUIPOS INDUSTRIALES, S.A. DE C.V.',10,'TRANSMISIONES Y EQUIPOS INDUSTRIALES, S.A. DE C.V.'),(21,'2020-08-04 15:58:33','2020-08-04 15:58:33',0,'',0,'',0,'',1,'21','AMORTIGUADOR DE PULSACIONES MODELO VTA 3 DL2','AMORTIGUADOR DE PULSACIONES MARCA VERSAMATIC CON LAS SIGUIENTES CARACTERÍSTICAS:\n\nMODELO: VTA 3 DL2\nDIÁMETRO DE ENTRADA DEL FLUIDO : 3\"\nMATERIAL DEL CUERPO: ALUMINIO\nMATERIAL DEL DIAFRAGMA: TEFLÓN\nPRESIÓN MÁXIMA DE TRABAJO: 8.6 BAR (125 PSI)\nENTRADA DE AIRE: 1/4\"\n','VTA 3 DL2','','','VERSAMATIC','PIEZA','','','PRODUCTO',1,0,0,0,16,0,0,3029.91,417.92,0,0,0,10,'TRANSMISIONES Y EQUIPOS INDUSTRIALES, S.A. DE C.V.',10,'TRANSMISIONES Y EQUIPOS INDUSTRIALES, S.A. DE C.V.'),(22,'2020-08-04 16:43:17','2020-08-04 17:01:52',0,'',0,'',0,'',1,'22','FILTRO REGULADOR DE AIRE MARCA NORGREN ','FILTRO REGULADOR DE AIRE MARCA NORGREN, DE 1/2\", ESTÁNDAR, RANGO DE AJUSTE 0.3 A 10 BAR, INCLUYE MANÓMETRO. ','R74G4AKRMG','','','NORGREN','PIEZA','','','PRODUCTO',1,0,0,0,16,0,0,143.95,19.86,0,0,0,24,'TUBERIAS Y VALVULAS DEL NOROESTES.A. DE C.V.',24,'TUBERIAS Y VALVULAS DEL NOROESTES.A. DE C.V.'),(23,'2020-08-04 17:10:20','2020-08-04 17:10:20',0,'',0,'',0,'',1,'23','GRUA','GRÚA DE 75 TONELADAS','','','','','PIEZA','','','',0,0,0,0,16,3500,0,0,0,0,0,0,0,'',0,''),(24,'2020-08-04 20:19:51','2020-08-04 21:19:35',0,'',0,'',0,'',1,'24','RETIRO DE TORNILLOS CAPADOS BOMBA WILDEN P1702B','RETIRO DE TORNILLOS CAPADOS BOMBA WILDEN P1702B\n\nSE INCLUYE:\n    \nA) TRASLADO AL TALLER DE IMPELLER WELL SERVICES\nB) RETIRO DE TORNILLOS Y SUMINISTRO DE 2 TORNILLOS 1/4\" \nC) REPARACION DE CUERDA, EN CASO DE PRESENTAR DAÑO\nD) TRASLADO A INEOS STYROLUTION ALTAMIRA\nE) REPORTE FOTOGRAFICO DE LA ACTIVIDAD ','','','','','SERVICIO','','','SERVICIO',1,0,0,0,16,2360,325.52,3800.75,524.24,0,0,0,3,' ABSORMEX CMPC TISSUE, S.A. DE C.V.',3,' ABSORMEX CMPC TISSUE, S.A. DE C.V.'),(25,'2020-08-04 21:28:55','2020-08-04 21:28:55',0,'',0,'',0,'',1,'25','BOMBA VERTICAL','CONSISTE EN:						\nBLOQUEO Y CANDADEO DE EQUIPO						\nTRAMITES DE PERMISOS VOPAK						\nDESMONTAJE DE MOTOR						\nRETIRO DE ACEITE						\nRETIRAR TUBERIAS DE ACEITE						\nRETIRAR DESCARGA						\nDESMONTAJE DE BOMBA						\nTRANSPORTE A PLANTA Y VICEVERSA						\nDESARMADO						\nRETIRAR IMPULSOR						\nDIMENCIONAR FLECHA						\nFABRICACION DE MANGAS						\nCOLOCACION DE EMPAQUETADURA						\nBALANCEO DINAMICO						\nLIMPIEZA GENERAL						\nAPLICACIÓN DE FONDO ESTRUCTURAL SEGÚN CLIENTE						\nAPLICACIÓN DE PINTURA SEGÚN CLIENTE						\nARLADO DE BOMBA						\nCOLOCACION DE COMAL EN HUECO DE BOMBA						\nPRUEBAS DE FUNCIONAMIENTO						\n','','','','','PIEZA','','','',0,0,0,0,16,455800,0,0,0,0,0,0,0,'',0,''),(26,'2020-08-06 15:21:12','2020-08-07 17:41:01',0,'',0,'',0,'',1,'26','MANTENIMIENTO A REDUCTOR DE ACCIONAMIENTO DE TELAS DE FILTRO BANDA F6001.','MANTENIMIENTO A REDUCTOR DE ACCIONAMIENTO DE TELAS DE FILTRO BANDA F6001.\nSE INCLUYE:\n1.	RETIRO DE REDUCTOR.\n2.	TRASLADO A TALLER IMPELLER WELL SERVICES\n3.	DESARMADO DE EQUIPO.\n4.	INSPECCIÓN DE INTERNOS\n5.	REPORTE PRELIMINAR DE CONDICIONES ENCONTRADAS \n6.	 SOLICITUD DE REFACCIONES.\n7.	REVISIÓN DE ALOJAMIENTOS DE CAJA REDUCTORA.\n8.	ARMADO DE RECTOR CON LOS AJUSTES REQUERIDOS POR EL EQUIPO.\n9.	TRASLADO DE EQUIPO A PLANTA INEOS STYROLUTION\n10.	INSTALACIÓN DE EQUIPO EN SU POSICIÓN DE TRABAJO.\n11.	PRUEBAS OPERATIVAS.\n12.	REPORTE TÉCNICO – FOTOGRÁFICO. \nSE INCLUYEN  MEDIDAS INICIALES Y FINALES, AJUSTES Y DETALLES ENCONTRADOS.\n','','','','','SERVICIO','','','SERVICIO',1,0,0,0,16,0,0,15890,2191.72,0,0,0,3,' ABSORMEX CMPC TISSUE, S.A. DE C.V.',3,' ABSORMEX CMPC TISSUE, S.A. DE C.V.'),(27,'2020-08-06 22:16:02','2020-08-06 22:16:02',0,'',0,'',0,'',1,'27','REPARACIÓN DE BOMBAS DE AGUA','REPARACIÓN DE BOMBAS DE AGUA TIPO DURCO\nCONSISTE EN:\nBLOQUEO Y CANDADEO						\nRETIRAR GUARDA						\nRETIRAR COPLE FLEXIBLE (EN CASO DE REQUERIR CAMBIO  SE COTIZA POR SEPARADO)						\nDESMONTAJE DE BOMBA 						\nREVISIÓN DE MANGA (EN CASO DE REQUERIR CAMBIO DE COTIZA POR SEPARADO)						\nCAMBIO DE EMPAQUETADURA						\nCAMBIO DE EMPAQUE DE VOLUTA 						\nLIMPIEZA GENERAL						\nPINTURA						\nREVISIÓN DE FLEXIÓN DE FLECHA						\nARMADO DE BOMBA 						\nMONTAJE Y ALINEACIÓN						\n','DURCO','','','','PIEZA','','','',0,0,0,0,16,35500,0,0,0,0,0,0,0,'',0,''),(28,'2020-08-06 22:25:49','2020-08-06 22:25:49',0,'',0,'',0,'',1,'28','BOMBAS DE AGUA MXCB','SUMINISTRO DE MANO DE OBRA CALIFICADA, HERRAMIENTA, MATERIALES NECESARIOS PARA REALIZAR MANTENIMIENTO A BOMBAS DE AGUA       PU-7101 A/B   PU-7102 A/B  PU-7103 OIL COOLER WATER PUMP  \n\n\nBLOQUEO Y CANDADEO						\nRETIRAR GUARDA						\nRETIRAR COPLE FLEXIBLE (EN CASO DE REQUERIR CAMBIO  SE COTIZA POR SEPARADO)						\nDESMONTAJE DE BOMBA 						\nREVISION DE MANGA (EN CASO DE REQUERIR CAMBIO DE COTIZA POR SEPARADO)						\nCAMBIO DE EMPAQUETADURA						\nCAMBIO DE EMPAQUE DE VOLUTA 						\nLIMPIEZA GENERAL						\nPINTURA						\nREVISIÓN DE FLEXIÓN DE FLECHA						\nARMADO DE BOMBA 						\nMONTAJE Y ALINEACIÓN						\n','TIPO DURCO','','','','PIEZA','','','',0,0,0,0,16,35500,0,0,0,0,0,0,0,'',0,''),(29,'2020-08-07 15:26:51','2020-08-07 16:03:03',0,'',0,'',0,'',1,'29','IMPULSOR PARA BOMBA GOULDS 3196 LTI 4X6-10G EN 316-SS, DIÁMETRO DE 10\" ','IMPULSOR PARA BOMBA GOULDS 3196 LTI 4X6-10G EN 316-SS, DIÁMETRO DE 10\" (PARA BOMBA BAF L2)','3196 LTI 4X6-10G EN 316-SS','GOU 0C06089A-1203','','GOULDS','PIEZA','','','PRODUCTO',1,0,0,0,16,990,136.55,1400,193.1,0,0,0,17,'PROPART INC.',17,'PROPART INC.'),(30,'2020-08-07 15:30:53','2020-08-07 16:03:21',0,'',0,'',0,'',1,'30','IMPULSOR PARA BOMBA GOULDS 3196 MTI 3X4-13 EN 316-SS, DIÁMETRO DE 13\" ','IMPULSOR PARA BOMBA GOULDS 3196 MTI 3X4-13 EN 316-SS, DIÁMETRO DE 13\" ( PARA BOMBA DE TERMINADO L2)','3196 MTI 3X4-13 EN 316-SS','GOU RB10542-1203','','GOULDS','PIEZA','','','PRODUCTO',1,0,0,0,16,695,95.86,1200,165.52,0,0,0,17,'PROPART INC.',17,'PROPART INC.'),(31,'2020-08-07 15:33:22','2020-08-07 15:54:31',0,'',0,'',0,'',1,'31','IMPULSOR DURCO TAMAÑO 4 X 3 - 13 EN 316-SS DIÁMETRO 13\" ','IMPULSOR DURCO TAMAÑO 4X3 - 13 EN 316-SS DIÁMETRO 13\"(PARA BOMBAS DE TERMINADO L1 ).','4 X 3 - 13 EN 316-SS ','DUR MY51028A130-D4','','DURCO','PIEZA','','','PRODUCTO',1,0,0,0,16,695,95.86,1200,165.52,0,0,0,17,'PROPART INC.',17,'PROPART INC.'),(32,'2020-08-07 15:58:34','2020-08-07 16:03:41',0,'',0,'',0,'',1,'32','IMPULSOR  PARA BOMBA GOULDS 3756 3X4-10 EN BRONCE','IMPULSOR PARA BOMBA GOULDS 3756 3X4-10 EN BRONCE, DIÁMETRO DE 8.560\" (PARA BOMBA BAF L1)','3756 3X4-10 BRONCE','','','GOULDS','PIEZA','','','PRODUCTO',1,0,0,0,16,1328,183.17,1750,241.38,0,0,0,3,' ABSORMEX CMPC TISSUE, S.A. DE C.V.',3,' ABSORMEX CMPC TISSUE, S.A. DE C.V.'),(33,'2020-08-07 21:46:13','2020-08-07 21:46:13',0,'',0,'',0,'',1,'33','FLECHA DE 4\" ','FLECHA DE 4 \" X 63\"','4140','','','','PIEZA','','','',0,0,0,0,16,183.75,0,0,0,0,0,0,0,'',0,''),(34,'2020-08-07 22:06:23','2020-08-08 00:46:27',0,'',0,'',0,'',1,'34','SERVICIO DE MANTENIMIENTO A PALANCA DE VALVULA DE CONTROL','SERVICIO DE MANTENIMIENTO A PALANCA DE VALVULA DE CONTROL  DE CONSOLA DEL TAG: V-30001/2/3/4 \n\n•TRASLADO DE PALANCA DE CONTROL A TALLER DE SERVICIO.\n\n•DESARMADO DE PALANCA DE CONTROL Y LIMPIEZA A TODOS LOS COMPONENTES INTERNOS.\n\n•EVALUACIÓN, TOMA DE MEDIDAS Y DIMENSIONAMIENTO.\n\n•VERIFICACION DE ESTADO FÍSICO DE PISTÓN DISTRIBUIDOR, PISTÓN DE INVERSIÓN, CAMISAS DE ALOJAMIENTO DE PISTONES, O´RINGS, RESORTE DE PISTÓN DISTRIBUIDOR, RESORTE DE RETORNO A POSICIÓN DE PALANCA, PALANCA DE CONTROL, ASIENTO DE SELLO.\n\n•INSPECCIÓN Y REVISIÓN DE CUERDA, TORNILLERÍA, ARANDELAS DE PRESIÓN, CONJUNTO DE TAPA DE VENTILACIÓN, EMPAQUETADURAS (TAPAS DE  PISTONES Y BASE) Y CONECTORES.\n\n•REHABILITACIÓN DE CAMISAS DE ALOJAMIENTO DE PISTONES, REHABILITACIÓN DE ALOJAMIENTO DE SELLO, REHABILITACION DE DIÁMETROS Y PUNTAS DE PISTONES DE ACUERDO CON MEDIDAS DE FABRICANTE.\n\n•VERIFICACIÓN DE MEDIDAS Y TOLERANCIAS EN CAMISAS DE PISTÓN DISTRIBUIDOR, PISTÓN DE INVERSIÓN, CAMISAS DE PISTÓN DISTRIBUIDOR, CAMISA DE PISTÓN DE INVERSIÓN Y CAMISA DE CUERPO.\n\n•FABRICACIÓN DE PARTES DAÑADAS Y/O SUMINISTRO DE: EMPAQUES O JUNTAS, O´RING , SELLOS DE NEOPRENO DE PORTA SELLO Y ASIENTO DE CUERPO.\n\n•RECUPERACIÓN DE MEDIDAS DE PISTONES, CAMISAS, PISTÓN DISTRIBUIDOR Y PISTÓN DE INVERSIÓN.\n\n•BARRENADO Y REFRESCADO DE CUERDAS EN LOS ALOJAMIENTOS DE TORNILLERÍA DE ENSAMBLAJE.\n\n•ARMADO DE PALANCA DE CONTROL.\n\n•APLICACIÓN DE PINTURA COLOR AMARILLO.\n\n•PRUEBA DE COMPORTAMIENTO DE PALANCA DE CONTROL EN TALLER DE SERVICIO.\n\n•TRANSPORTE DE PALANCA DE CONTROL A INSTALACIONES DE LA REFINERIA FRANCISCO I. MADERO, EN CD. MADERO, TAMPS.\n\n•ENTREGA DE REPORTE FINAL.','','','','','PIEZA','','','',0,0,0,0,16,0,0,0,0,0,0,0,3,' ABSORMEX CMPC TISSUE, S.A. DE C.V.',3,' ABSORMEX CMPC TISSUE, S.A. DE C.V.'),(36,'2020-08-07 22:58:19','2020-08-07 23:38:12',0,'',0,'',0,'',1,'36','SERVICIO DE MANTENIMIENTO A MOTORES NEUMÁTICOS DE MALACATE ','SERVICIO DE MANTENIMIENTO A MOTORES NEUMÁTICOS DE MALACATE DEL V-30001/2/3/4 \n\n•TRASLADO DE MOTOR NEUMÁTICO A TALLER DE SERVICIO\n\n•DESARMADO DE MOTOR Y LIMPIEZA DE COMPONENTES INTERNOS.\n\n•EVALUACIÓN, TOMA DE MEDIDAS Y DIMENSIONAMIENTO.\n\n•VERIFICACION DE ESTADO FÍSICO DE CIGÜEÑAL, CAMISAS (5), PISTONES DE ENSAMBLE (5), CAMISA DE VÁLVULA ROTATIVA, PISTÓN DISTRIBUIDOR O VÁLVULA ROTATIVA, RODAMIENTOS DE CIGÜEÑAL, O´RINGS DE LUBRICACIÓN, ENSAMBLE DE PISTONES, BIELA, ANILLOS DE COMPRESIÓN DE PISTONES, ANILLOS DE LUBRICACIÓN DE PISTONES, CANDADOS DE PERNOS DE FIJACIÓN PISTÓN/BIELA, RODAMIENTOS DE PISTÓN ROTATIVO O DISTRIBUCIÓN, ANILLO DE COMPRESIÓN DE PISTÓN ROTATIVO O DISTRIBUCIÓN Y ELEVADOR DE ACEITE.\n\n•SANDBLASTEO DE CARCAZA DE MOTOR Y APLICACIÓN DE PINTURA COLOR AMARILLO.\n\n•INSPECCIÓN Y REVISIÓN DE CUERDA, TORNILLERÍA, ARANDELAS DE PRESIÓN, CONJUNTO DE TAPA DE VENTILACIÓN, SELLO DE ACEITE (RETEN), EMPAQUETADURAS (TAPAS PISTONES Y CUERPO DE MOTOR), TAPONES DE DRENADO Y LLENADO   Y CONECTORES.\n\n•REHABILITACION DE CAMISAS DE ALOJAMIENTO DE PISTONES, REHABILITACION DE DIÁMETROS Y PUNTAS DE PISTONES DE ACUERDO CON MEDIDAS DE FABRICANTE.\n\n•SUMINISTRO DE RODAMIENTO, EMPAQUES, Y BUJES NECESARIOS PARA ARMADO.\n\n•VERIFICACIÓN DE MEDIDAS Y TOLERANCIAS EN CAMISAS DE PISTONES DE ENSAMBLE, CAMISAS DE PISTÓN DISTRIBUIDOR O VÁLVULA ROTATIVA, MUÑONES DE CIGÜEÑAL, ENSAMBLE DE CIGÜEÑAL, ANILLO DE BIELA, MANGA Y BUJE DE BROCE DE LUBRICACIÓN, CAJA DE RODAMIENTOS.\n\n•ARMADO DE MOTOR NEUMÁTICO.\n\n•PRUEBA DE COMPORTAMIENTO DEL MOTOR NEUMÁTICO EN TALLER DE SERVICIO.\n\n•TRANSPORTE DE MOTOR NEUMÁTICO A INSTALACIONES DE LA REFINERIA FRANCISCO I. MADERO.\n\n•ENTREGA DE REPORTE FINAL.','','','','','PIEZA','','','PRODUCTO',1,0,0,0,16,0,0,0,0,0,0,0,3,' ABSORMEX CMPC TISSUE, S.A. DE C.V.',3,' ABSORMEX CMPC TISSUE, S.A. DE C.V.'),(37,'2020-08-07 23:29:42','2020-08-07 23:29:42',0,'',0,'',0,'',1,'37','SERVICIO DE MANTENIMIENTO A MOTORES NEUMÁTICOS DE JUNTA ROTATORIA','SERVICIO DE MANTENIMIENTO A MOTORES NEUMÁTICOS DE JUNTA ROTATORIA DEL V-30001/2/3/4 \n\n•DESACOPLADO, DESMONTAJE, DESARMADO DE MOTOR, APLICAR LIMPIEZA A COMPONENTES INTERNOS.\n\n•DESACOPLAR MOTOR NEUMÁTICO DE SU BASE.\n\n•TRASLADO A LAS INSTALACIONES DEL TALLER EXTERNO.\n\n•SANDBLASTEO  A MOTOR Y APLICACIÓN DE PINTURA COLOR AMARILLO.\n\n•DESARMADO DE MOTOR.\n\n•LIMPIEZA DE INTERNOS EN GENERAL.\n\n•VERIFICACION DE ESTADO FÍSICO DE CIGÜEÑAL, CAMISAS (5), PISTONES DE ENSAMBLE (5), CAMISA DE VÁLVULA ROTATIVA, PISTÓN DISTRIBUIDOR O VÁLVULA ROTATIVA. RODAMIENTOS DE CIGÜEÑAL, O´RINGS DE LUBRICACIÓN, ENSAMBLE DE PISTONES Y BIELA. \n \n•INSPECCIÓN Y REVISIÓN DE CUERDA, TORNILLERÍA, ARANDELAS DE PRESIÓN, CONJUNTO DE TAPA DE VENTILACIÓN, SELLO DE ACEITE (RETEN), EMPAQUETADURAS (TAPAS PISTONES Y CUERPO DE MOTOR), TAPONES  DE DRENADO Y LLENADO   Y CONECTORES.\n\n•VERIFICACIÓN DE MEDIDAS Y TOLERANCIAS EN CAMISAS DE PISTONES DE ENSAMBLE, CAMISAS DE PISTÓN DISTRIBUIDOR O VÁLVULA ROTATIVA, MUÑONES DE CIGÜEÑAL, ENSAMBLE DE CIGÜEÑAL, ANILLO DE BIELA, MANGA Y BUJE DE BROCE DE LUBRICACIÓN, CAJA DE RODAMIENTOS.\n\n•FABRICACIÓN DE PARTES DAÑADAS Y/O SUMINISTRO, RODAMIENTOS NUEVOS, EMPAQUES O JUNTAS, O´RING , SELLO DE ACEITE(RETEN).\n\n•RECUPERACIÓN DE MEDIDAS DE MUÑONES DE CIGÜEÑAL, CAMISAS, BUJES, MANGAS, VÁLVULA ROTATIVA O PISTÓN DISTRIBUIDOR.\n\n•BARRENADO Y REFRESCADO DE CUERDAS EN LOS ALOJAMIENTOS DE TORNILLERÍA DE ENSAMBLAJE.\n\n•ARMADO DE MOTOR NEUMÁTICO.\n\n•PRUEBA DE COMPORTAMIENTO DEL MOTOR NEUMÁTICO EN TALLER DE SERVICIO.\n\n•TRANSPORTE DE MOTOR NEUMÁTICO A INSTALACIONES DE LA REFINERIA FRANCISCO I. MADERO.\n\n•ENTREGA DE REPORTE FINAL.','','','','','PIEZA','','','PRODUCTO',1,0,0,0,16,0,0,0,0,0,0,0,3,' ABSORMEX CMPC TISSUE, S.A. DE C.V.',3,' ABSORMEX CMPC TISSUE, S.A. DE C.V.'),(38,'2020-08-11 15:31:53','2020-08-11 15:31:53',0,'',0,'',0,'',1,'38','FLECHA 4140 ','FLECHA PARA BOMBA 3196 MTX, 4X6-13,  4140 (ARANDELAS, CANDADO Y TUERCA DE SEGURIDAD)','','','','','PIEZA','','','',0,0,0,0,16,7500,0,0,0,0,0,0,0,'',0,''),(39,'2020-08-11 15:33:43','2020-08-11 15:33:43',0,'',0,'',0,'',1,'39','SELLO DE LABERINTOS LC / LCC','SELLO DE LABERINTOS LC / LCC PARA BOMBA 3196 MTX, 4X6-13.','','','','','PIEZA','','','',0,0,0,0,16,5000,0,0,0,0,0,0,0,'',0,''),(40,'2020-08-11 15:35:22','2020-08-11 15:35:22',0,'',0,'',0,'',1,'40','RODAMIENTO 6309 SKF Y 3309 A/C3 SKF','RODAMIENTO 6309 SKF Y 3309 A/C3 SKF PARA BOMBA 3196 MTX, 4X6-13.','','','','','PIEZA','','','',0,0,0,0,16,0,0,0,0,0,0,0,0,'',0,''),(41,'2020-08-11 15:36:33','2020-08-11 15:36:33',0,'',0,'',0,'',1,'41','ELEMENTO SE Y MASAS PARA COPLE TAMAÑO 10 (MAQUINADOS SEGÚN MUESTRA)','ELEMENTO SE Y MASAS PARA COPLE TAMAÑO 10 (MAQUINADOS SEGÚN MUESTRA)','','','','','PIEZA','','','',0,0,0,0,16,0,0,0,0,0,0,0,0,'',0,''),(42,'2020-08-11 15:37:42','2020-08-11 15:37:42',0,'',0,'',0,'',1,'42','EMPAQUE DE CARCAZA 7078228 5127 GOULDS','EMPAQUE DE CARCAZA 7078228 5127 GOULDS','','','','','PIEZA','','','',0,0,0,0,16,0,0,0,0,0,0,0,0,'',0,''),(43,'2020-08-11 17:10:31','2020-08-11 17:10:31',0,'',0,'',0,'',1,'43','BOMBA CENTRIFUGA KSB ETNY100-080-160 SG 3X4-8','BOMBA CENTRIFUGA KSB MODELO ETNY100-080-160 SG 3X4-8\n\nCONTRUCCION:\nIMPULSOR: FUNDICION  EN-GJL- 250/A48CL35B\nEJE: ACERO 1.4021+QT+HRC 50\nCAJA DE RODAMIENTOS: FUNDICION ESFEROLITICA EN-GJS-400-15\n\nCONDICIONES DE OPERACION:\n\nCAUDAL: 150 M3/H\nALTURA DE BOMBEO: 41 METROS\nTEMPERATURA BOMBEO: 170 °C\n\n\n\n\n','ETNY100-080-160 SG ','','','KSB','PIEZA','','','PRODUCTO',1,0,0,0,16,6168,850.76,8326.8,1148.52,0,0,0,4,'AGIMEX',10,'TRANSMISIONES Y EQUIPOS INDUSTRIALES, S.A. DE C.V.'),(44,'2020-08-11 17:35:11','2020-08-13 21:06:42',0,'',0,'',0,'',1,'44','BOMBA NEUMÁTICA MARCA ASPEN','BOMBA NEUMÁTICA.\nPARA AIRE ACONDICIONADO, VOLTAJE 230 VCA, FRECUENCIA 50/60 HZ. AMPERAJE\n0,1 AMP, WATTS 16W (COMPLETA CON SUCCION Y DESCARGA).\nCODIGO: 7122351','MINI ORANGE (FP 2473)','','','MARCA ASPEN ','PIEZA','','','',0,0,0,0,16,1848.03,254.9,0,0,0,0,0,27,'CORESA PARTES Y EQUIPOS S.A. DE C.V.',9,'EQUIPUMP S.A. DE C.V.'),(45,'2020-08-11 17:53:01','2020-08-11 17:53:01',0,'',0,'',0,'',1,'45','DEAN MODEL R4140 SIZE 4X6X8.5 ','DEAN MODEL R4140 SIZE 4X6\nHORIZONTAL END SUCTION HEAVY DUTY HIGH TEMP CENTRIFUGAL PUMP, \nCARBON STEEL CONS 300# ANSI FLANGED PORTS FITTED WITH 609 SINGLE \nMECH SEAL CAR/TUNG FACES, WITH FTBVD STYLE GLAND    \nIMPELLER @ 7.75” DIA, INCLUDES STEEL COUPLING GUARD FOR 364TS FRAME SIZE.\n','','','','','PIEZA','','','PRODUCTO',1,0,0,0,16,0,0,0,0,0,0,0,3,' ABSORMEX CMPC TISSUE, S.A. DE C.V.',3,' ABSORMEX CMPC TISSUE, S.A. DE C.V.'),(46,'2020-08-11 20:52:50','2020-08-11 20:52:50',0,'',0,'',0,'',1,'46','REPARACIÓN DE BOMBA DE VACIÓ','\nSUMINISTRO DE MANO DE OBRA CALIFICADA, HERRAMIENTA, MATERIALES NECESARIOS PARA REALIZAR MANTENIMIENTO A BOMBA DE VACIO           						\nSUMINISTRO DE MANO DE OBRA CALIFICADA, HERRAMIENTA, MATERIALES NECESARIOS PARA REALIZAR MANTENIMIENTO A BOMBA DE AGUA						\nBLOQUEO Y CANDADEO						\nRETIRAR GUARDA						\nRETIRAR COPLE FLEXIBLE (EN CASO DE REQUERIR CAMBIO  SE COTIZA POR SEPARADO)						\nDESMONTAJE DE BOMBA 						\nREVISION DE DESGASTES DE LA BOMBA						\nREVISIÓN DE COPLE						\nCAMBIO DE EMPAQUE DE CARCASA						\nLIMPIEZA GENERAL						\nINSPECCION DE MANGAS						\nREVISIÓN DE FLEXION DE FLECHA						\nCAMBIO DE RODAMIENTOS						\nINSPECCION DE ROTOR						\nREVISIÓN DE CLAROS Y TOLERANCIAS						\nCAMBIO DE EMPAQUETADURA 						\nREVISION DE ALOJAMIENTOS DE RODAMIENTOS						\nCAMBIO DE O RING S						\n						\nARMADO Y PRUEBAS						\n','NASCH','','','','PIEZA','','','',0,0,0,0,16,71500,0,0,0,0,0,0,0,'',0,''),(47,'2020-08-13 20:13:33','2020-08-13 20:21:41',0,'',0,'',0,'',1,'47','BRIDA PARA ANSI 3 1/2\" EN PVC PARA AGITADOR','BRIDA PARA ANSI 3 1/2\" EN PVC PARA AGITADOR VTA4-08.04 B 01(2)/08.6','VTA4-08.04 B 01(2)/08.6','','','CFG','PIEZA','','','PRODUCTO',1,0,0,0,16,180,24.83,258.5,35.66,0,0,0,29,'CRAMIX - FLUIDMIX GROUP S.A. DE C.V.',29,'CRAMIX - FLUIDMIX GROUP S.A. DE C.V.'),(48,'2020-08-13 20:17:49','2020-08-13 20:17:49',0,'',0,'',0,'',1,'47','RECORTE DE IMPULSOR 4X6-10 G','RECORTE PARA IMPULSOR BOMBA GOULDS 3196 LTI 4X6-10G EN 316-SS, RECORTE A  9.0000 IN\" DIAM. (PARA BOMBA\nBAF L2)\n','','','','','SERVICIO','','','SERVICIO',1,0,0,0,16,2700,372.41,3800,524.14,0,0,0,28,'JOSE MANUELA SEQUERA LOYA',5,'AMSI-TA APLICACIONES MANTENIMIENTO Y SERVICIOS INDUSTRIALES.'),(49,'2020-08-13 20:28:08','2020-08-13 20:57:00',0,'',0,'',0,'',1,'49','BALANCEO DINAMICO 4X6-10G','BALANCEO DINÁMICO PARA IMPULSOR BOMBA GOULDS 3196 MTI 3X4-13 EN 316-SS, RECORTE DE 12.750\" DIAM. 1800 RPM ( PARA BOMBA DE TERMINADO L2)\n','','','','','SERVICIO','','','SERVICIO',1,0,0,0,16,3000,413.79,4000,551.72,0,0,0,5,'AMSI-TA APLICACIONES MANTENIMIENTO Y SERVICIOS INDUSTRIALES.',28,'JOSE MANUELA SEQUERA LOYA'),(50,'2020-08-13 20:31:44','2020-08-13 20:31:44',0,'',0,'',0,'',1,'50','RECORTE DE IMPULSOR 3X4-13','RECORTE PARA IMPULSOR BOMBA GOULDS 3196 MTI 3X4-13 EN 316-SS, RECORTE DE 12.750\" DIAM. ( PARA BOMBA DE TERMINADO L2)\n','','','','','SERVICIO','','','SERVICIO',1,0,0,0,16,2800,386.21,3800,524.14,0,0,0,5,'AMSI-TA APLICACIONES MANTENIMIENTO Y SERVICIOS INDUSTRIALES.',28,'JOSE MANUELA SEQUERA LOYA'),(51,'2020-08-13 20:33:46','2020-08-13 20:56:08',0,'',0,'',0,'',1,'51','BALANCEO DINAMICO 4X6-10G','BALANCEO DINÁMICO  PARA IMPULSOR PARA BOMBA GOULDS 3196 LTI 4X6-10G EN 316-SS, DIÁMETRO A 9.0000 IN\" 3600 RPM (PARA BOMBA BAF L2)\n','','','','','SERVICIO','','','SERVICIO',1,0,0,0,16,3000,413.79,4000,551.72,0,0,0,5,'AMSI-TA APLICACIONES MANTENIMIENTO Y SERVICIOS INDUSTRIALES.',28,'JOSE MANUELA SEQUERA LOYA'),(52,'2020-08-13 21:02:37','2020-08-13 21:02:37',0,'',0,'',0,'',1,'52','MANTENIMIENTO A BOMBA DE VACIO','SUMINISTRO DE MANO DE OBRA, HERRAMIENTA, MATERIALES CONSUMIBLES PARA LA REPARACIÓN DE BOMBA DE VACIO BAJO EL SIGUIENTE ALCANCE: TRASLADO A TALLER, DESARMADO, LIMPIEZA, ANÁLISIS DE PARTES, REVISIÓN DE CLAROS, APLICACIÓN DE SANDBLAST DE PARTES EXTERNAS, MAQUINADO DE FLECHA,  MAQUINADO DE MANGAS, INSTALACIÓN DE RODAMIENTOS, INSTALACIÓN DE EMPAQUETADURA, BALANCEO, APLICACIÓN DE RECUBRIMIENTO EPOXICO, ARMADO, AJUSTES SEGÚN FABRICANTE, APLICACIÓN DE PINTURA ANTICORROSIVA, APLICACIÓN DE PINTURA DE ACABADO.','','','','','PIEZA','','','',0,0,0,0,16,0,0,0,0,0,0,0,0,'',0,''),(53,'2020-08-13 21:03:43','2020-08-13 21:18:17',0,'',0,'',0,'',1,'52','BOMBA CENTRIFUGA CV3196 3X3-10','BOMBA CENTRIFUGA HORIZONTAL TIPO ANSI B73.1M, \nMARCA: GOULDS MODELO CV3196 FABRICADA COMPLETAMENTE EN CD4MCU\n\nCARACTERÍSTICAS:\n•	BOMBA CENTRIFUGA HORIZONTAL BRIDAS ANSI  MARCA: GOULDS \n•	MODELO: 3196 TAMAÑO:   3X3-10\n•	CONDICIONES DE OPERACIÓN: CACHAZA , FLUJO 400 GPM Y TDH 60 FT \n•	SELLO MECÁNICO : EMPAQUETADURA\n•	MOTOR ELÉCTRICO: HORIZONTAL, MARCA US MOTOR, TIPO TOTALMENTE CERRADO CON \n                      VENTILACIÓN ALTA EFICIENCIA, POTENCIA 20 HP A 1800 RPM, FS 1.15, VOLTAJE \n                      220/440 VOLTS. \n•	ACOPLAMIENTO: MARCA REXNORD FLEXIBLE CON ESPACIADOR LIBRE DE LUBRICACIÓN. \n                       GUARDA COPLE. \n•	BASE METÁLICA:  TODO EL EQUIPO ARMADO, MONTADO Y PRE ALINEADO EN BASE DE ACERO \n                       TIPO ANSI. TODO EL EQUIPO MONTADO Y PREALINEADO.\n•	ACABADO: FONDO ANTICORROSIVO Y PINTURA EN POLIURETANO.\n\n','CV 3196 3X3-10','','','GOULDS ','PIEZA','','','PRODUCTO',1,0,0,0,16,0,0,16500,2275.86,0,0,0,17,'PROPART INC.',22,'MANTENIMIENTO Y MECANIZADO ARVE S.A DE C.V'),(54,'2020-08-13 21:35:13','2020-08-13 21:35:13',0,'',0,'',0,'',1,'54','','\nMOTOR DE 3 HP ','US MOTORS','','','','PIEZA','','','PRODUCTO',1,0,0,0,16,9500,1310.34,0,0,0,0,0,31,'SOELSA SA DE CV',9,'EQUIPUMP S.A. DE C.V.'),(55,'2020-08-13 21:37:15','2020-08-13 21:37:15',0,'',0,'',0,'',1,'55','','\nMOTOR DE 3 HP','','','','','PIEZA','','','',0,0,0,0,16,6900,0,0,0,0,0,0,0,'',0,''),(56,'2020-08-13 21:54:28','2020-08-13 21:54:28',0,'',0,'',0,'',1,'56','MOTOBOMBA BARNES DE 3\" 9HP A GASOLINA','MOTOBOMBA AUTOCEBANTE MARCA: BARNES, MODELO: 18M, 9HP A GASOLINA MONTADA SOBRE CARRO CON RUEDAS, CON LAS SIGUIENTES CARACTERÍSTICAS:\n\n•TAMAÑO: 3\" X 3\" (SUCCIÓN/DESCARGA) PASO DE SÓLIDOS: 3/4\" (1.91 CM). \n•IMPULSOR DISEÑO: 5 ÁLABES, TIPO SEMIABIERTO CON UN PASO DE SÓLIDOS DE 3/4\" (1.91 CM) BALANCEADO ESTÁTICAMENTE. \n•MATERIAL: HIERRO GRIS ASTM A-48, CLASE 30.\n•CUERPO HIERRO GRIS ASTM A-48, CLASE 30. CUENTA CON VOLUTA INTEGRADA. \n•ACOPLAMIENTO HIERRO GRIS ASTM A-48, CLASE 30.\n•SELLO MECANICO: LUBRICADO POR AGUA. MATERIAL: CERÁMICA PARTE ESTACIONARIA, ANILLO DE CARBÓN Y SELLO DE EXCLUSIÓN PARTE ROTATORIA, ELASTÓMERO DE BUNA-N, RESORTE DE ACERO INOXIDABLE.\n•EMPAQUES ADAMPAC.\n•LAINAS DE AJUSTE EN ACERO INOXIDABLE\n•MOTOR DE COMBUSTIÓN INTERNA A GASOLINA MONOCILINDRICO DE 4 TIEMPOS, MARCA: HONDA. \n•POTENCIA 9 HP \n•MONTADA SOBRE CARRO DE RUEDAS DE FIERRO PARA SU FÁCIL TRASLADO.\n•JUEGO DE MANGUERAS RÍGIDAS VERDE OLIVO CON ABRAZADERAS Y CONEXIONES RÁPIDAS (6 METROS EN LA SUCCIÓN Y 6 MTS EN LA DESCARGA)\n','18M','','','BARNES','PIEZA','','','',0,0,0,0,16,0,0,0,0,0,0,0,0,'',0,''),(57,'2020-08-14 20:22:11','2020-08-14 20:22:11',0,'',0,'',0,'',1,'57','MANTENIMIENTO PREVENTIVO A MOTOR DE COMBUSTIÓN MARCA. JOHN DEREE (NO. DE SERIE PE4045D684521)','\n\"MANTENIMIENTO PREVENTIVO A MOTOR DE COMBUSTIÓN MARCA. JOHN\nDEERE (NO. DE SERIE PE4045D684521)\"						\nCONSISTE EN 						\nINSPECCIÓN DE RESISTENCIA ELÉCTRICA DEL SUS. AGUA						\nINSPECCIÓN DEL CABLEADO SUS. ELÉCTRICO						\nINSPECCIÓN DE BANDAS, MANGUERAS Y LUCES DE TABLERO						\nINSPECCIÓN / LIMPIEZA DE SUS. DE VENTEO DEL CIGÜEÑAL						\nCAMBIO DE FILTRO DE ACEITE DE MOTOR						\nCAMBIO DE FILTRO DEL DIÉSEL						\nCAMBIO DE FILTRO DE AIRE						\nCAMBIO DE REFRIGERANTE						\nREV./CAMBIO DE MANGUERAS						\nREV./CAMBIO DE BANDAS						\nREV./CAMBIO DE BATERÍAS						\nREVISIÓN DE BBA DE AGUA, SIST. DE EMISIÓN DE GASES						\nREVISIÓN DE BBA DE AGUA, SIST. DE EMISIÓN DE GASES						\n						\n						\nREFACCIONES Y ADICIONALES A ESTA COTIZACIÓN  SE COTIZAN POR SEPARADO						\n','','','','','PIEZA','','','',0,0,0,0,16,29950,0,0,0,0,0,0,0,'',0,'');

/*Table structure for table `proveedor` */

DROP TABLE IF EXISTS `proveedor`;

CREATE TABLE `proveedor` (
  `id` int(10) NOT NULL AUTO_INCREMENT,
  `fecha_elaboracion` datetime DEFAULT NULL,
  `fecha_modificacion` datetime DEFAULT NULL,
  `empresa_id` int(10) DEFAULT NULL,
  `empresa` varchar(100) DEFAULT NULL,
  `unidad_id` int(10) DEFAULT NULL,
  `unidad` varchar(100) DEFAULT NULL,
  `usuario_id` int(10) DEFAULT NULL,
  `usuario` varchar(100) DEFAULT NULL,
  `no_paper` tinyint(1) DEFAULT '1',
  `activo` tinyint(1) DEFAULT '1',
  `clasificacion_proveedor` varchar(100) DEFAULT NULL,
  `tipo_proveedor` varchar(100) DEFAULT NULL,
  `dias_credito` int(10) DEFAULT NULL,
  `clave_proveedor` varchar(100) DEFAULT NULL,
  `razon_social` varchar(250) DEFAULT NULL,
  `rfc` varchar(100) DEFAULT NULL,
  `domicilio` varchar(250) DEFAULT NULL,
  `ciudad` varchar(100) DEFAULT NULL,
  `estado` varchar(100) DEFAULT NULL,
  `pais` varchar(100) DEFAULT NULL,
  `cp` varchar(100) DEFAULT NULL,
  `contacto_compra_telefono` varchar(100) DEFAULT NULL,
  `contacto_compra_ext` varchar(7) CHARACTER SET utf8 COLLATE utf8_general_ci DEFAULT NULL,
  `contacto_compra_nombre` varchar(100) CHARACTER SET utf8 COLLATE utf8_general_ci DEFAULT NULL,
  `contacto_compra_email` varchar(100) CHARACTER SET utf8 COLLATE utf8_general_ci DEFAULT NULL,
  `contacto_contabilidad_telefono` varchar(100) CHARACTER SET utf8 COLLATE utf8_general_ci DEFAULT NULL,
  `contacto_contabilidad_nombre` varchar(100) CHARACTER SET utf8 COLLATE utf8_general_ci DEFAULT NULL,
  `contacto_contabilidad_email` varchar(100) CHARACTER SET utf8 COLLATE utf8_general_ci DEFAULT NULL,
  `no_cuenta_1` varchar(100) CHARACTER SET utf8 COLLATE utf8_general_ci DEFAULT NULL,
  `clave_interbancaria_1` varchar(100) CHARACTER SET utf8 COLLATE utf8_general_ci DEFAULT NULL,
  `banco_1` varchar(100) CHARACTER SET utf8 COLLATE utf8_general_ci DEFAULT NULL,
  `sucursal_1` varchar(100) CHARACTER SET utf8 COLLATE utf8_general_ci DEFAULT NULL,
  `no_cuenta_2` varchar(100) CHARACTER SET utf8 COLLATE utf8_general_ci DEFAULT NULL,
  `clave_interbancaria_2` varchar(100) CHARACTER SET utf8 COLLATE utf8_general_ci DEFAULT NULL,
  `banco_2` varchar(100) CHARACTER SET utf8 COLLATE utf8_general_ci DEFAULT NULL,
  `sucursal_2` varchar(100) CHARACTER SET utf8 COLLATE utf8_general_ci DEFAULT NULL,
  `no_cuenta_3` varchar(100) CHARACTER SET utf8 COLLATE utf8_general_ci DEFAULT NULL,
  `clave_interbancaria_3` varchar(100) CHARACTER SET utf8 COLLATE utf8_general_ci DEFAULT NULL,
  `banco_3` varchar(100) CHARACTER SET utf8 COLLATE utf8_general_ci DEFAULT NULL,
  `sucursal_3` varchar(100) CHARACTER SET utf8 COLLATE utf8_general_ci DEFAULT NULL,
  PRIMARY KEY (`id`)
) ENGINE=InnoDB AUTO_INCREMENT=32 DEFAULT CHARSET=utf8;

/*Data for the table `proveedor` */

insert  into `proveedor`(`id`,`fecha_elaboracion`,`fecha_modificacion`,`empresa_id`,`empresa`,`unidad_id`,`unidad`,`usuario_id`,`usuario`,`no_paper`,`activo`,`clasificacion_proveedor`,`tipo_proveedor`,`dias_credito`,`clave_proveedor`,`razon_social`,`rfc`,`domicilio`,`ciudad`,`estado`,`pais`,`cp`,`contacto_compra_telefono`,`contacto_compra_ext`,`contacto_compra_nombre`,`contacto_compra_email`,`contacto_contabilidad_telefono`,`contacto_contabilidad_nombre`,`contacto_contabilidad_email`,`no_cuenta_1`,`clave_interbancaria_1`,`banco_1`,`sucursal_1`,`no_cuenta_2`,`clave_interbancaria_2`,`banco_2`,`sucursal_2`,`no_cuenta_3`,`clave_interbancaria_3`,`banco_3`,`sucursal_3`) values (1,'2020-05-28 19:50:34','2020-05-28 19:50:34',0,'',0,'',0,'',1,1,'PROVEEDOR','CONTADO',0,'1','ATM VALVULAS S.A. DE C.V.','AVA080702G7','PEÑA GUERRA NO.. 417 COL. CONSTITUYENTES DE QUERETARO SECTOR 1, SAN NICOLAS DE LOS GARZA.','','MONTERREY, NUEVO LEON.','MEXICO','6649','(81) 8376-1100','','JACKELINE LOZANO',' jlozanon@atmvalvulas.com','','','cobranza@atmvalvulas.com','','','','','','','','','','','',''),(2,'2020-05-28 20:09:29','2020-05-28 20:09:29',0,'',0,'',0,'',1,1,'PROVEEDOR','CONTADO',0,'2','ACEROX','PICN97072231','BELISARIO DOMINGUEZ NO. 114, COL. NUEVO PROGRESO.','TAMPICO','TAMAULIPAS','MEXICO','89318','833-462-46-00','','NELSON PIERDANT NIÑO','aceroxventas@outlook.com','','','','','','','','','','','','','','',''),(3,'2020-05-28 20:25:40','2020-08-13 21:13:37',0,'',0,'',0,'',1,0,'PROVEEDOR','CONTADO',0,'3',' ABSORMEX CMPC TISSUE, S.A. DE C.V.','IPG970717QU9','AVENIDA INDUSTRIAL HUMBERTO LOBO NO. 9013 ','','','MEXICO','66023','','','','','','','','','','','','','','','','','','',''),(4,'2020-05-28 21:07:57','2020-05-28 21:07:57',0,'',0,'',0,'',1,1,'PROVEEDOR','CONTADO',0,'4','AGIMEX','','','','','MEXICO','','(55) 85-60-06-10','','ING. ANTONIO GARCIA','ventas_agitadoresindustriales@prodigy.net.mx','','','','','','','','','','','','','','',''),(5,'2020-05-28 21:19:14','2020-05-28 21:19:14',0,'',0,'',0,'',1,1,'PROVEEDOR','CONTADO',0,'5','AMSI-TA APLICACIONES MANTENIMIENTO Y SERVICIOS INDUSTRIALES.','TOAH881104TM','','CIUDAD MADERO','TAMAULIPAS','MEXICO','','(833)154-9907','','HECTOR TORRES','amsi-ta.adm@outlook.com','','','','','','','','','','','','','','',''),(6,'2020-05-28 21:26:04','2020-06-04 19:48:26',0,'',0,'',0,'',1,1,'PROVEEDOR','CONTADO',0,'6','ANVA SOLUCIONES INDUSTRIALES S.A. DE C.V.','ASI170111PM7','AHUEHUETE NO. 339 FRACCIONAMIENTO ARECAS','ALTAMIRA','TAMAULIPAS','MEXICO','89602','833 312 86 54','','ING. ALDO ISRAEL LIMON HERNANDEZ','aldo.limon@anvasi.com ','','','','','','','','','','','','','','',''),(7,'2020-05-28 21:42:40','2020-05-28 21:42:40',0,'',0,'',0,'',1,1,'PROVEEDOR','CONTADO',0,'7','BIRMEX S.A. DE C.V.','BYR130304JR5','','','QUERETARO','MEXICO','76100','442 161 2065 ','','ING. LUIS HERNANDEZ','luis.hernandez@byrmex.com','','','','','','','','','','','','','','',''),(8,'2020-06-04 19:15:42','2020-06-04 19:15:42',0,'',0,'',0,'',1,1,'PROVEEDOR','CONTADO',0,'8','TORNILLOS Y HERRAMIENTAS DOSA S.A. DE C.V.','THD041214TG1','','TAMPICO','TAMAULIPAS','MEXICO','','(833)2-26-50-35','','HILDA ANGELICA HERRERA','hildadosa@hotmail.com.mx','','','','','','','','','','','','','','',''),(9,'2020-06-04 19:20:38','2020-06-04 19:20:38',0,'',0,'',0,'',1,1,'PROVEEDOR','CONTADO',0,'9','EQUIPUMP S.A. DE C.V.','EQU970402NSA',' RICARDO FLORES MAGON NO. 518, COL. SANTA MA. LA RIBERA',' CIUDAD DE MEXICO','','MEXICO',' 0640','55-5541-1331','','MIGUEL MEJIA','miguelmejia@equi-pump.com','','','','','','','','','','','','','','',''),(10,'2020-06-04 19:38:32','2020-06-04 19:38:32',0,'',0,'',0,'',1,1,'PROVEEDOR','CREDITO',30,'10','TRANSMISIONES Y EQUIPOS INDUSTRIALES, S.A. DE C.V.','TEI820204S67','DAKOTA NO. 157, COL. NAPOLES, ','BENITO JUAREZ','CIUDAD DE MÉXICO','MEXICO','03810','55 5687-7514','','ARTURO ALVAREZ',' tecnicos@teisa.com.mx','','','cobranza@teisa.com.mx','','','','','','','','','','','',''),(11,'2020-06-04 19:45:48','2020-06-04 19:45:48',0,'',0,'',0,'',1,1,'PROVEEDOR','CONTADO',0,'11','RODAMIENTOS Y ACCESORIOS S.A. DE C.V.','RAC870406P40','AV. NOGALAR NO. 107, COL. CUAUHTEMOC, SAN NICOLAS DE LOS GARZA','NUEVO LEON','MONTERREY','MEXICO','','833 850 80 57','','JORGE HERNANDEZ DEL ANGEL','Jorge.hernandez@ryasa.com.mx','','','facturaryasa@ryasa.com.mx','','','','','','','','','','','',''),(12,'2020-06-04 19:53:29','2020-06-04 19:53:29',0,'',0,'',0,'',1,1,'PROVEEDOR','CONTADO',0,'12','MATERIALES INDUSTRIALES DE MEXICO, S.A. DE C.V. ',' MIM7207049C1','','ALTAMIRA','TAMAULIPAS','MEXICO','','833-346-6869','','ANABEL MERAZ CONTRERAS','anabel.meraz@grupo-mim.com','','','facturas@mim.fep.com.mx','','','','','','','','','','','',''),(13,'2020-06-04 20:01:48','2020-06-04 20:01:48',0,'',0,'',0,'',1,1,'PROVEEDOR','CONTADO',0,'13','COHISER DE TAMPICO S.A. DE C.V.',' XAXX01010100',' CARRETERA TAMPICO MANTE NO. 2309-B, COL. DEL BOSQUE','TAMPICO','TAMAULIPAS','MEXICO',' 8931','(833) 132 0490','','ZURY CANDELARIO',' telemarketing@cohisertampico.com.mx','','','','','','','','','','','','','','',''),(14,'2020-06-04 20:15:57','2020-06-04 20:15:57',0,'',0,'',0,'',1,1,'PROVEEDOR','CONTADO',0,'14','WM. W. MEYER & SONS, INC.','','1700 BLVD. LIVERTYVILLE','','ILLINOIS','ESTADOS UNIDOS','','9847-918-0111','','JOE KOWALSKI','JKowalski@wmwmeyer.com','','','','','','','','','','','','','','',''),(15,'2020-06-04 20:24:10','2020-06-04 20:24:10',0,'',0,'',0,'',1,1,'PROVEEDOR','CONTADO',0,'15','BOMBAS GRUNDFOS DE MEXICO S.A. DE C.V.','BGM931210HJ5','BLVD. TLC NO. 15 PARQUE IND. STIVA AEROPUERTO ','APODACA','NUEVO LEON','MEXICO',' 6660','(52) 81 8144 4000','','ISAAC GARCIA ','servicioaclientes-mx@sales.grundfos.com','','','kaluna@grundfos.com','','','','','','','','','','','',''),(16,'2020-06-04 20:31:50','2020-06-04 20:31:50',0,'',0,'',0,'',1,1,'PROVEEDOR','CONTADO',0,'16','POWER PROCESS CONTROL S.A. DE C.V.','PPC0209114F0','','TAMPICO','TAMAULIPAS','MEXICO','','(833) 241 1880','','Ericka Gabriela Uribe Rusca ','euribe@ppcsesco.com','','MELISSA GEA','mgea@ppcsesco.com>','','','','','','','','','','','',''),(17,'2020-06-04 20:43:02','2020-06-04 20:43:02',0,'',0,'',0,'',1,1,'PROVEEDOR','CREDITO',30,'17','PROPART INC.','02-0580-220','','AUSTIN','TEXAS','ESTADOS UNIDOS','','(512) 266-8276 ','','JUAN GUTIERREZ','juan@propartusa.com','O 512.266.8276','LISA LAMB','lisa@propartusa.com','','','','','','','','','','','',''),(18,'2020-06-04 20:47:04','2020-06-04 20:47:04',0,'',0,'',0,'',1,1,'PROVEEDOR','CONTADO',0,'18','LOGOS INDUSTRIAL, S.A. DE C.V.',' LIN001107J30','SAN PEDRO Nº 223 COLONIA FRACCIONAMIENTO SAN ANGEL ALTAMIRA ','ALTAMIRA','TAMAULIPAS','MEXICO','89604','(833) 2-26-64-98 ','','JAVIER PEREZ NUÑEZ','javier.perez@logosindustrial.com.mx','','','','','','','','','','','','','','',''),(19,'2020-06-04 20:53:00','2020-06-04 20:53:00',0,'',0,'',0,'',1,1,'PROVEEDOR','CONTADO',0,'19','LA CASA DEL BOMBERO','TOMP500629GP0','AVENIDA MONTERREY 701-3 COL: ENRIQUE CARDENAS GONZALEZ ','TAMPICO','TAMAULIPAS','MEXICO',' 8930','(833)-3-06-23-92','','KARINA SILVA SALVADOR',' casadelbombero@hotmail.com','','','','','','','','','','','','','','',''),(20,'2020-07-17 20:21:00','2020-07-17 20:27:37',0,'',0,'',0,'',1,1,'PROVEEDOR','CONTADO',0,'20','RODAMIENTOS Y ACCESORIOS S.A. DE C.V. ','',' CALLE SEXTA AVENIDA NO. 310 VILLAHERMOSA, 89319 TAMPICO, TAMPS.','TAMPICO','TAMAULIPAS','MEXICO','','833 393 2503','','Jorge Hernandez Del Angel ','jorge.hernandez@ryasa.com','','','','','','','','','','','','','','',''),(21,'2020-07-23 20:54:57','2020-07-23 20:54:57',0,'',0,'',0,'',1,1,'PROVEEDOR','CONTADO',0,'21','IWAKI AMERICA ','','5 BOYTON ROAD','HOLLISTON','MA','ESTADOS UNIDOS','01746','','','Adán López','alopez@iwakiamerica.com','','','','','','','','','','','','','','',''),(22,'2020-07-30 15:26:33','2020-07-30 15:26:33',0,'',0,'',0,'',1,1,'PROVEEDOR','CREDITO',15,'22','MANTENIMIENTO Y MECANIZADO ARVE S.A DE C.V','','CALLE 4TA # 1601 COL. EJIDO MIRAMAR','ALTAMIRA','TAMAULIPAS','MEXICO','89604','833 128 2656','','Juan Manuel Arteaga Rodriguez','soporte@mymec.com.mx','','','','','','','','','','','','','','',''),(23,'2020-08-04 15:18:50','2020-08-04 15:42:01',0,'',0,'',0,'',1,1,'PROVEEDOR','CONTADO',0,'23','MEXTRADE INTERNACIONAL, S.A. DE C.V.','','ABRAHAM LINCOLN # 5693 COL. VALLE VERDE 2DO SECTOR','MONTERREY','NUEVO LEÓN','MEXICO','64117','(81) 8864-0700','','DANIEL GARZA','dgarza@mextradeint.com','','','','','','','','','','','','','','',''),(24,'2020-08-04 15:41:31','2020-08-04 15:41:31',0,'',0,'',0,'',1,1,'PROVEEDOR','CONTADO',0,'24','TUBERIAS Y VALVULAS DEL NOROESTES.A. DE C.V.','','AV. ALFONSO REYES 4080 NTE, COL. DEL NORTE','MONTERREY ','NUEVO LEON','MEXICO','','818 3513232','','ING. ALEJANDRO MARTINEZ','instrumentacionmty01@tuvanosa.com','','','','','','','','','','','','','','',''),(25,'2020-08-10 17:34:42','2020-08-10 17:34:42',0,'',0,'',0,'',1,1,'PROVEEDOR','CONTADO',0,'25','IRSA ACEROS SA DE CV','','SAN LUIS POTOSI','SAN LUIS','','MEXICO','','','','','','448188679','','','','','','','','','','','','','',''),(26,'2020-08-10 19:15:26','2020-08-10 19:16:19',0,'',0,'',0,'',1,1,'PROVEEDOR','CONTADO',0,'26','IIRSACERO S.A DE C.V','IIR980112LT','AVE. LOS ÁNGELES  600 OTE. COL. DEL NORT','','MONTERREY','MEXICO','64500','83 51 25 00','','Alejandra Lozano','alejandra.lozano@iirsacero.com.mx','','','','','','','','','','','','','','',''),(27,'2020-08-11 21:55:22','2020-08-11 21:55:22',0,'',0,'',0,'',1,1,'PROVEEDOR','CONTADO',0,'27','CORESA PARTES Y EQUIPOS S.A. DE C.V.','','HIDALGO 403 CENTRO','SAN PEDRO GARZA GARCÍA','NUEVO LEON','MEXICO','66230','833 212 65 00','','Jose Gamaliel Alonso Gonzalez','jalonso@grupocoresa.com','','','','','','','','','','','','','','',''),(28,'2020-08-13 00:55:34','2020-08-13 01:32:13',0,'',0,'',0,'',1,1,'PROVEEDOR','CONTADO',0,'28','JOSE MANUELA SEQUERA LOYA','SELM810318P1A','CALLE CLAVEL NO. 109 COL. LAS VIOLETAS','TAMPICO','TAMAULIPAS','MEXICO','89368','833 218 3267','','JOSE MANUEL SEQUERA LOYA','VENTAS@MYSIND.COM.MX','','','','','','','','','','','','','','',''),(29,'2020-08-13 20:19:52','2020-08-13 20:19:52',0,'',0,'',0,'',1,1,'PROVEEDOR','CONTADO',0,'29','CRAMIX - FLUIDMIX GROUP S.A. DE C.V.','','','IRAPUATO','GUANAJUATO','MEXICO','','','','RICARDO VILLAFAÑA','r.villafana@autmix.com','','','','','','','','','','','','','','',''),(30,'2020-08-13 21:18:14','2020-08-13 21:18:14',0,'',0,'',0,'',1,1,'PROVEEDOR','CONTADO',0,'30','ESPECIALIDADES INDUSTRIALES STIGLITZ, S.A. DE C.V.','EIS1609036P1','','TAMPICO','TAMAULIPAS','MEXICO','','8332180328','','ROLANDO CABA','industrias.stiglitz@gmail','','','','','','','','','','','','','','',''),(31,'2020-08-13 21:26:53','2020-08-13 21:26:53',0,'',0,'',0,'',1,1,'PROVEEDOR','CREDITO',0,'31','SOELSA SA DE CV','','CALLE PINO 201 COLONIA DEL BOSQUE','','','MEXICO','','','','JULIO HERNANDEZ','','','','','','','','','','','','','','','','');

/*Table structure for table `proyecto` */

DROP TABLE IF EXISTS `proyecto`;

CREATE TABLE `proyecto` (
  `id` int(10) NOT NULL AUTO_INCREMENT,
  `fecha_elaboracion` datetime DEFAULT NULL,
  `fecha_modificacion` datetime DEFAULT NULL,
  `empresa_id` int(10) DEFAULT NULL,
  `empresa` varchar(100) CHARACTER SET utf8 COLLATE utf8_general_ci DEFAULT NULL,
  `unidad_id` int(10) DEFAULT NULL,
  `unidad` varchar(100) CHARACTER SET utf8 COLLATE utf8_general_ci DEFAULT NULL,
  `usuario_id` int(10) DEFAULT NULL,
  `usuario` varchar(100) CHARACTER SET utf8 COLLATE utf8_general_ci DEFAULT NULL,
  `activo` tinyint(1) DEFAULT '1',
  `no_paper` tinyint(1) DEFAULT '1',
  `cliente_id` int(10) DEFAULT NULL,
  `fecha_inicio` datetime DEFAULT NULL,
  `fecha_fin` datetime DEFAULT NULL,
  `nombre` text CHARACTER SET utf8 COLLATE utf8_general_ci,
  `descripcion` text CHARACTER SET utf8 COLLATE utf8_general_ci,
  `nombre_cliente` varchar(200) CHARACTER SET utf8 COLLATE utf8_general_ci DEFAULT NULL,
  PRIMARY KEY (`id`)
) ENGINE=InnoDB AUTO_INCREMENT=4 DEFAULT CHARSET=utf8;

/*Data for the table `proyecto` */

insert  into `proyecto`(`id`,`fecha_elaboracion`,`fecha_modificacion`,`empresa_id`,`empresa`,`unidad_id`,`unidad`,`usuario_id`,`usuario`,`activo`,`no_paper`,`cliente_id`,`fecha_inicio`,`fecha_fin`,`nombre`,`descripcion`,`nombre_cliente`) values (1,NULL,NULL,0,'',0,'',2,'LUIS HUMBERTO GOMEZ TIBURCIO',1,1,12,NULL,NULL,'SIN PROYECTO','',''),(2,NULL,'2020-07-30 20:02:53',0,'',0,'',8,'LUIS HUMBERTO REYNA GURROLA',1,1,12,'2020-07-29 00:00:00','2020-07-29 00:00:00','MAQUINADO DE FLECHA DE BOMBA DE VACIO','MAQUINADO DE FLECHA DE BOMBA DE VACIO',' CIA. AZUCARERA DEL RIO GUAYALEJO, S.A. DE C.V. '),(3,NULL,'2020-07-30 20:00:49',0,'',0,'',8,'LUIS HUMBERTO REYNA GURROLA',1,1,12,'2020-07-30 00:00:00','2020-07-30 00:00:00','REPARACION DE ROTOR DE BOMBA','REPARACIÓN DE FLECHA DE BOMBA DE VACIÓ \nINCLUYE\nMAQUINADO DE FLECHA\nMETALIZADO DE FLECHA EN ZONA DE IMPULSOR\nRECTIFICADO DE IMPULSOR \nRECTIFICADO DE CUÑERO\nMAQUINADO DE ROSCAS\nFABRICACIÓN DE MANGAS\n\n',' CIA. AZUCARERA DEL RIO GUAYALEJO, S.A. DE C.V. ');

/*Table structure for table `remision_entrega` */

DROP TABLE IF EXISTS `remision_entrega`;

CREATE TABLE `remision_entrega` (
  `id` int(10) NOT NULL AUTO_INCREMENT,
  `fecha_elaboracion` datetime DEFAULT NULL,
  `fecha_modificacion` datetime DEFAULT NULL,
  `empresa_id` int(10) DEFAULT NULL,
  `empresa` varchar(100) CHARACTER SET utf8 COLLATE utf8_general_ci DEFAULT NULL,
  `unidad_id` int(10) DEFAULT NULL,
  `unidad` varchar(100) CHARACTER SET utf8 COLLATE utf8_general_ci DEFAULT NULL,
  `usuario_id` int(10) DEFAULT NULL,
  `usuario` varchar(100) CHARACTER SET utf8 COLLATE utf8_general_ci DEFAULT NULL,
  `estado_doc` varchar(100) CHARACTER SET utf8 COLLATE utf8_general_ci DEFAULT NULL,
  `estado` varchar(100) CHARACTER SET utf8 COLLATE utf8_general_ci DEFAULT NULL,
  `folio` varchar(100) CHARACTER SET utf8 COLLATE utf8_general_ci DEFAULT NULL,
  `serie` varchar(100) CHARACTER SET utf8 COLLATE utf8_general_ci DEFAULT NULL,
  `observaciones` text CHARACTER SET utf8 COLLATE utf8_general_ci,
  `tipo_documento` varchar(100) CHARACTER SET utf8 COLLATE utf8_general_ci DEFAULT NULL,
  `tipo_archivo` varchar(100) CHARACTER SET utf8 COLLATE utf8_general_ci DEFAULT NULL,
  `razon_cancelar` varchar(100) CHARACTER SET utf8 COLLATE utf8_general_ci DEFAULT NULL,
  `cliente_id` int(10) DEFAULT NULL,
  `cliente` varchar(100) CHARACTER SET utf8 COLLATE utf8_general_ci DEFAULT NULL,
  `cliente_rfc` varchar(100) CHARACTER SET utf8 COLLATE utf8_general_ci DEFAULT NULL,
  `metodo_pago` varchar(100) CHARACTER SET utf8 COLLATE utf8_general_ci DEFAULT NULL,
  `moneda` varchar(100) CHARACTER SET utf8 COLLATE utf8_general_ci DEFAULT NULL,
  `tipo_cambio` double DEFAULT NULL,
  `importe` double DEFAULT NULL,
  `descuento` double DEFAULT NULL,
  `subtotal` double DEFAULT NULL,
  `iva` double DEFAULT NULL,
  `total` double DEFAULT NULL,
  `porc_iva` int(10) DEFAULT NULL,
  `importe_letra` text CHARACTER SET utf8 COLLATE utf8_general_ci,
  `activo` tinyint(1) DEFAULT '1',
  `entrega_id` int(10) DEFAULT NULL,
  `entrega` varchar(100) CHARACTER SET utf8 COLLATE utf8_general_ci DEFAULT NULL,
  `direccion_tentrega` text CHARACTER SET utf8 COLLATE utf8_general_ci,
  `orden_compra_partida_id` int(10) DEFAULT NULL,
  `orden_compra_id` int(10) DEFAULT NULL,
  `folio_orden_compra` varchar(100) CHARACTER SET utf8 COLLATE utf8_general_ci DEFAULT NULL,
  `cotizacion_id` int(10) DEFAULT NULL,
  `folio_cotizacion` varchar(100) CHARACTER SET utf8 COLLATE utf8_general_ci DEFAULT NULL,
  `fecha_entrega` datetime DEFAULT NULL,
  PRIMARY KEY (`id`)
) ENGINE=InnoDB DEFAULT CHARSET=utf8;

/*Data for the table `remision_entrega` */

/*Table structure for table `remision_entrega_det` */

DROP TABLE IF EXISTS `remision_entrega_det`;

CREATE TABLE `remision_entrega_det` (
  `id` int(10) NOT NULL AUTO_INCREMENT,
  `folio` varchar(100) CHARACTER SET utf8 COLLATE utf8_general_ci DEFAULT NULL,
  `documento_id` int(10) DEFAULT NULL,
  `empresa_id` int(10) DEFAULT NULL,
  `empresa` varchar(100) CHARACTER SET utf8 COLLATE utf8_general_ci DEFAULT NULL,
  `unidad_id` int(10) DEFAULT NULL,
  `unidad` varchar(100) CHARACTER SET utf8 COLLATE utf8_general_ci DEFAULT NULL,
  `usuario_id` int(10) DEFAULT NULL,
  `usuario` varchar(100) CHARACTER SET utf8 COLLATE utf8_general_ci DEFAULT NULL,
  `no_partida` int(10) DEFAULT NULL,
  `fecha_alta` datetime DEFAULT NULL,
  `cantidad` int(10) DEFAULT NULL,
  `producto_id` int(10) DEFAULT NULL,
  `descripcion` text CHARACTER SET utf8 COLLATE utf8_general_ci,
  `unidad_medida` varchar(100) CHARACTER SET utf8 COLLATE utf8_general_ci DEFAULT NULL,
  `porc_iva` int(10) DEFAULT NULL,
  `precio_unitario` double DEFAULT NULL,
  `importe` double DEFAULT NULL,
  `descuento` double DEFAULT NULL,
  `subtotal` double DEFAULT NULL,
  `iva` double DEFAULT NULL,
  `total` double DEFAULT NULL,
  `servicio` tinyint(1) DEFAULT '1',
  PRIMARY KEY (`id`)
) ENGINE=InnoDB DEFAULT CHARSET=utf8;

/*Data for the table `remision_entrega_det` */

/*Table structure for table `requisicion` */

DROP TABLE IF EXISTS `requisicion`;

CREATE TABLE `requisicion` (
  `id` int(10) NOT NULL AUTO_INCREMENT,
  `fecha_elaboracion` datetime DEFAULT NULL,
  `fecha_modificacion` datetime DEFAULT NULL,
  `empresa_id` int(10) DEFAULT NULL,
  `empresa` varchar(100) DEFAULT NULL,
  `unidad_id` int(10) DEFAULT NULL,
  `unidad` varchar(100) DEFAULT NULL,
  `usuario_id` int(10) DEFAULT NULL,
  `usuario` varchar(100) DEFAULT NULL,
  `estado_doc` varchar(100) DEFAULT NULL,
  `estado` varchar(100) DEFAULT NULL,
  `folio` varchar(100) DEFAULT NULL,
  `serie` varchar(100) DEFAULT NULL,
  `observaciones` text,
  `tipo_documento` varchar(100) DEFAULT NULL,
  `tipo_archivo` varchar(100) DEFAULT NULL,
  `razon_cancelar` varchar(100) DEFAULT NULL,
  `cliente_id` int(10) DEFAULT NULL,
  `cliente` varchar(100) DEFAULT NULL,
  `cliente_rfc` varchar(100) DEFAULT NULL,
  `metodo_pago` varchar(100) DEFAULT NULL,
  `moneda` varchar(100) DEFAULT NULL,
  `tipo_cambio` double(8,2) DEFAULT NULL,
  `importe` double(15,2) DEFAULT NULL,
  `descuento` double(12,1) DEFAULT NULL,
  `subtotal` double(15,2) DEFAULT NULL,
  `iva` double(12,1) DEFAULT NULL,
  `total` double(15,2) DEFAULT NULL,
  `porc_iva` int(10) DEFAULT NULL,
  `importe_letra` text CHARACTER SET utf8 COLLATE utf8_general_ci,
  `activo` tinyint(1) DEFAULT '1',
  `prioridad` varchar(100) DEFAULT NULL,
  `fecha_requerida` datetime DEFAULT NULL,
  `direccion_entrega` varchar(100) DEFAULT NULL,
  `tiempo_entrega` varchar(50) DEFAULT NULL,
  `fecha_orden_compra` datetime DEFAULT NULL,
  `folio_orden_compra` varchar(100) DEFAULT NULL,
  `autoriza_id` int(10) DEFAULT NULL,
  `autoriza` varchar(100) DEFAULT NULL,
  `fecha_autorizo` datetime DEFAULT NULL,
  `firma_autorizo` varchar(100) DEFAULT NULL,
  `solicita` varchar(100) DEFAULT NULL,
  `firma_solicita` varchar(100) DEFAULT NULL,
  `proveedor_id` int(10) DEFAULT NULL,
  `proveedor` varchar(100) DEFAULT NULL,
  `cotizacion_id` int(10) DEFAULT NULL,
  `folio_cotizacion` varchar(50) DEFAULT NULL,
  PRIMARY KEY (`id`)
) ENGINE=InnoDB AUTO_INCREMENT=34 DEFAULT CHARSET=utf8;

/*Data for the table `requisicion` */

insert  into `requisicion`(`id`,`fecha_elaboracion`,`fecha_modificacion`,`empresa_id`,`empresa`,`unidad_id`,`unidad`,`usuario_id`,`usuario`,`estado_doc`,`estado`,`folio`,`serie`,`observaciones`,`tipo_documento`,`tipo_archivo`,`razon_cancelar`,`cliente_id`,`cliente`,`cliente_rfc`,`metodo_pago`,`moneda`,`tipo_cambio`,`importe`,`descuento`,`subtotal`,`iva`,`total`,`porc_iva`,`importe_letra`,`activo`,`prioridad`,`fecha_requerida`,`direccion_entrega`,`tiempo_entrega`,`fecha_orden_compra`,`folio_orden_compra`,`autoriza_id`,`autoriza`,`fecha_autorizo`,`firma_autorizo`,`solicita`,`firma_solicita`,`proveedor_id`,`proveedor`,`cotizacion_id`,`folio_cotizacion`) values (1,'2020-07-17 20:27:45','2020-07-17 20:27:45',0,'',0,'',5,'EDER ABEL MARISCAL ESCAMILLA','EN PROCESO','','RQ00001','','PROVEEDOR CON TIEMPO DE ENTREGA INMEDIATO \nCOPLE 10 COMPLETO CON ESPACIADOR','REQUISICION DE COMPRA','PDF','',0,'','','',NULL,NULL,0.00,0.0,0.00,0.0,0.00,0,'',1,'ALTA','2020-07-20 00:00:00','INMEDIATO','1 DIAS',NULL,NULL,3,'GABRIELA ALEJANDRA BARRIOS REYNA',NULL,NULL,'EDER ABEL MARISCAL ESCAMILLA','564C02807A3C0E83253B1CF5A99FF83C',20,'RODAMIENTOS Y ACCESORIOS S.A. DE C.V. ',NULL,''),(2,'2020-07-17 20:27:45','2020-07-17 20:27:45',0,'',0,'',5,'EDER ABEL MARISCAL ESCAMILLA','EN PROCESO','','RQ00002','','PROVEEDOR CON TIEMPO DE ENTREGA INMEDIATO \nCOPLE 10 COMPLETO CON ESPACIADOR','REQUISICION DE COMPRA','PDF','',0,'','','',NULL,NULL,0.00,0.0,0.00,0.0,0.00,0,'',1,'ALTA','2020-07-20 00:00:00','INMEDIATO','1 DIAS',NULL,NULL,3,'GABRIELA ALEJANDRA BARRIOS REYNA',NULL,NULL,'EDER ABEL MARISCAL ESCAMILLA','82649F16720F202687773FC1AE1DAC15',20,'RODAMIENTOS Y ACCESORIOS S.A. DE C.V. ',NULL,''),(3,'2020-07-17 20:27:45','2020-07-17 20:27:45',0,'',0,'',5,'EDER ABEL MARISCAL ESCAMILLA','EN PROCESO','','RQ00003','','PROVEEDOR CON TIEMPO DE ENTREGA INMEDIATO \nCOPLE 10 COMPLETO CON ESPACIADOR','REQUISICION DE COMPRA','PDF','',0,'','','',NULL,NULL,0.00,0.0,0.00,0.0,0.00,0,'',1,'ALTA','2020-07-20 00:00:00','INMEDIATO','1 DIAS',NULL,NULL,3,'GABRIELA ALEJANDRA BARRIOS REYNA',NULL,NULL,'EDER ABEL MARISCAL ESCAMILLA','E446633105F5AF8F1F53B85B8EBE81F6',20,'RODAMIENTOS Y ACCESORIOS S.A. DE C.V. ',NULL,''),(4,'2020-07-17 20:27:45','2020-07-20 23:24:37',0,'',0,'',5,'EDER ABEL MARISCAL ESCAMILLA','POR AUTORIZAR','','RQ00004','','PROVEEDOR CON TIEMPO DE ENTREGA INMEDIATO \nCOPLE 10 COMPLETO CON ESPACIADOR','REQUISICION DE COMPRA','PDF','',0,'','','',NULL,NULL,0.00,0.0,0.00,0.0,0.00,0,'',1,'ALTA','2020-07-20 00:00:00','INMEDIATO','1 DIAS',NULL,NULL,3,'GABRIELA ALEJANDRA BARRIOS REYNA',NULL,NULL,'EDER ABEL MARISCAL ESCAMILLA','61CC81A187AD850B43765A5E575B4CE4',20,'RODAMIENTOS Y ACCESORIOS S.A. DE C.V. ',3,'CT00003'),(5,'2020-07-20 15:44:25','2020-07-20 21:55:41',0,'',0,'',3,'GABRIELA ALEJANDRA BARRIOS REYNA','AUTORIZADO','','RQ00005','','SE ADJUNTA COTIZACIÓN DEL PROVEEDOR ','REQUISICION DE COMPRA','PDF','',0,'','','',NULL,NULL,0.00,0.0,0.00,0.0,0.00,0,'',1,'MEDIA','2020-07-20 00:00:00','SOLICITAR EL ENVÍO A OCURRE POR PAQUETEXPRESS CON CARGO AL CONVENIO# 3195869','5 SEMANAS',NULL,NULL,3,'GABRIELA ALEJANDRA BARRIOS REYNA','2020-07-20 21:55:41','11F8D428338378DDB0C9662A1852CE51','GABRIELA ALEJANDRA BARRIOS REYNA','11F8D428338378DDB0C9662A1852CE51',10,'TRANSMISIONES Y EQUIPOS INDUSTRIALES, S.A. DE C.V.',1,'CT00001'),(6,'2020-07-20 21:22:55','2020-07-30 20:49:59',0,'',0,'',6,'KEREN LIZETH ECHEVERRIA GARCIA','AUTORIZADO','','RQ00006','','','REQUISICION DE COMPRA','PDF','',0,'','','',NULL,NULL,0.00,0.0,0.00,0.0,0.00,0,'',1,'ALTA','2020-07-30 00:00:00','SERVICIO OCURRE POR PAQUETEXPRESS CON CARGO AL CONVENIO# 3195869','1 DIAS',NULL,NULL,3,'GABRIELA ALEJANDRA BARRIOS REYNA','2020-07-30 20:49:59','5EFDD34ECDC2B86BEF750FB92A638A68','KEREN LIZETH ECHEVERRIA GARCIA','F442B5E09CE53FA08DDF5A863E14D21B',22,'MANTENIMIENTO Y MECANIZADO ARVE S.A DE C.V',8,'CT00008'),(7,'2020-07-20 21:26:22','2020-07-20 21:26:22',0,'',0,'',6,'KEREN LIZETH ECHEVERRIA GARCIA','EN PROCESO','','RQ00007','','','REQUISICION DE COMPRA','PDF','',0,'','','',NULL,NULL,0.00,0.0,0.00,0.0,0.00,0,'',1,'ALTA','2020-07-20 00:00:00','SERVICIO OCURRE PAQUETERIA EXPRESS CONVENIO #3195869','5 SEMANAS',NULL,NULL,3,'GABRIELA ALEJANDRA BARRIOS REYNA',NULL,NULL,'KEREN LIZETH ECHEVERRIA GARCIA','E31802A61AE3A727EEA114024FF2084D',10,'TRANSMISIONES Y EQUIPOS INDUSTRIALES, S.A. DE C.V.',NULL,''),(8,'2020-07-20 21:26:22','2020-07-30 21:15:52',0,'',0,'',6,'KEREN LIZETH ECHEVERRIA GARCIA','AUTORIZADO','','RQ00008','','SE ADJUNTA COTIZACIÓN DEL PROVEEDOR','REQUISICION DE COMPRA','PDF','',0,'','','',NULL,NULL,0.00,0.0,0.00,0.0,0.00,0,'',1,'ALTA','2020-07-30 00:00:00','SERVICIO OCURRE PAQUETERIA EXPRESS CONVENIO #3195869','1 SEMANAS',NULL,NULL,3,'GABRIELA ALEJANDRA BARRIOS REYNA','2020-07-30 21:15:52','5CA4938D173215952DE88DAD1F1A7B6F','KEREN LIZETH ECHEVERRIA GARCIA','EF8EC9D7B05B4F6068C63D317B1E9E4F',22,'MANTENIMIENTO Y MECANIZADO ARVE S.A DE C.V',8,'CT00008'),(9,'2020-08-07 21:42:56','2020-08-07 21:42:56',0,'',0,'',8,'LUIS HUMBERTO REYNA GURROLA','EN PROCESO','','RQ00009','','FLECHA DE ACERO 4140','REQUISICION DE COMPRA','PDF','',0,'','','',NULL,NULL,0.00,0.0,0.00,0.0,0.00,0,'',1,'ALTA','2020-08-07 00:00:00','5 DIAS','1 DIAS',NULL,NULL,3,'GABRIELA ALEJANDRA BARRIOS REYNA',NULL,NULL,'LUIS HUMBERTO REYNA GURROLA','822055AC555BCD711639C37A219366FD',3,' ABSORMEX CMPC TISSUE, S.A. DE C.V.',NULL,''),(10,'2020-08-07 21:42:56','2020-08-07 21:42:56',0,'',0,'',8,'LUIS HUMBERTO REYNA GURROLA','EN PROCESO','','RQ00010','','FLECHA DE ACERO 4140','REQUISICION DE COMPRA','PDF','',0,'','','',NULL,NULL,0.00,0.0,0.00,0.0,0.00,0,'',1,'ALTA','2020-08-07 00:00:00','5 DÍAS','5 DIAS',NULL,NULL,3,'GABRIELA ALEJANDRA BARRIOS REYNA',NULL,NULL,'LUIS HUMBERTO REYNA GURROLA','8A79F71B4D546E826AD873440800D46A',3,' ABSORMEX CMPC TISSUE, S.A. DE C.V.',NULL,''),(11,'2020-08-07 21:42:56','2020-08-07 21:42:56',0,'',0,'',8,'LUIS HUMBERTO REYNA GURROLA','EN PROCESO','','RQ00011','','FLECHA DE ACERO 4140','REQUISICION DE COMPRA','PDF','',0,'','','',NULL,NULL,0.00,0.0,0.00,0.0,0.00,0,'',1,'ALTA','2020-08-07 00:00:00','5 DÍAS','5 DIAS',NULL,NULL,3,'GABRIELA ALEJANDRA BARRIOS REYNA',NULL,NULL,'LUIS HUMBERTO REYNA GURROLA','D70436F46562B780E312D91E9F122DA6',3,' ABSORMEX CMPC TISSUE, S.A. DE C.V.',8,'CT00008'),(12,'2020-08-07 21:42:56','2020-08-07 21:42:56',0,'',0,'',8,'LUIS HUMBERTO REYNA GURROLA','EN PROCESO','','RQ00012','','FLECHA DE ACERO 4140','REQUISICION DE COMPRA','PDF','',0,'','','',NULL,NULL,0.00,0.0,0.00,0.0,0.00,0,'',1,'ALTA','2020-08-07 00:00:00','5 DÍAS','5 DIAS',NULL,NULL,3,'GABRIELA ALEJANDRA BARRIOS REYNA',NULL,NULL,'LUIS HUMBERTO REYNA GURROLA','06D52CFCF50BB5286EE6B2807D595833',12,'MATERIALES INDUSTRIALES DE MEXICO, S.A. DE C.V. ',8,'CT00008'),(13,'2020-08-07 21:42:56','2020-08-07 22:11:40',0,'',0,'',8,'LUIS HUMBERTO REYNA GURROLA','POR AUTORIZAR','','RQ00013','','FLECHA DE ACERO 4140','REQUISICION DE COMPRA','PDF','',0,'','','',NULL,NULL,0.00,0.0,0.00,0.0,0.00,0,'',1,'ALTA','2020-08-07 00:00:00','5 DÍAS','5 DIAS',NULL,NULL,3,'GABRIELA ALEJANDRA BARRIOS REYNA',NULL,NULL,'LUIS HUMBERTO REYNA GURROLA','EDF1CBB35A85290B593391503CA24C9F',12,'MATERIALES INDUSTRIALES DE MEXICO, S.A. DE C.V. ',8,'CT00008'),(14,'2020-08-07 21:42:56','2020-08-12 21:23:10',0,'',0,'',8,'LUIS HUMBERTO REYNA GURROLA','EN PROCESO','','RQ00014','','FLECHA DE ACERO 4140','REQUISICION DE COMPRA','PDF','',0,'','','',NULL,NULL,0.00,0.0,0.00,0.0,0.00,0,'',1,'ALTA','2020-08-12 00:00:00','5 DÍAS','5 DIAS',NULL,NULL,2,'LUIS HUMBERTO GOMEZ TIBURCIO',NULL,NULL,'LUIS HUMBERTO REYNA GURROLA','57F4A11D65B7DC643EAD3E077DC4A31B',26,'IIRSACERO S.A DE C.V',8,'CT00008'),(15,'2020-08-07 21:42:56','2020-08-07 21:42:56',0,'',0,'',8,'LUIS HUMBERTO REYNA GURROLA','EN PROCESO','','RQ00015','','FLECHA DE ACERO 4140','REQUISICION DE COMPRA','PDF','',0,'','','',NULL,NULL,0.00,0.0,0.00,0.0,0.00,0,'',1,'ALTA','2020-08-10 00:00:00','5 DÍAS','5 DIAS',NULL,NULL,3,'GABRIELA ALEJANDRA BARRIOS REYNA',NULL,NULL,'LUIS HUMBERTO REYNA GURROLA','57F4A11D65B7DC643EAD3E077DC4A31B',12,'MATERIALES INDUSTRIALES DE MEXICO, S.A. DE C.V. ',8,'CT00008'),(16,'2020-08-07 21:42:56','2020-08-10 19:51:34',0,'',0,'',6,'KEREN LIZETH ECHEVERRIA GARCIA','EN PROCESO','','RQ00016','','FLECHA DE ACERO 4140','REQUISICION DE COMPRA','PDF','',0,'','','',NULL,NULL,0.00,0.0,0.00,0.0,0.00,0,'',1,'MEDIA','2020-08-10 00:00:00','5 DÍAS','5 DIAS',NULL,NULL,3,'GABRIELA ALEJANDRA BARRIOS REYNA',NULL,NULL,'LUIS HUMBERTO REYNA GURROLA','2227AC7AA94728490686BA4159AD8C0C',12,'MATERIALES INDUSTRIALES DE MEXICO, S.A. DE C.V. ',8,'CT00008'),(17,'2020-08-07 21:42:56','2020-08-10 19:52:21',0,'',0,'',6,'KEREN LIZETH ECHEVERRIA GARCIA','EN PROCESO','','RQ00017','','FLECHA DE ACERO 4140','REQUISICION DE COMPRA','PDF','',0,'','','',NULL,NULL,0.00,0.0,0.00,0.0,0.00,0,'',1,'MEDIA','2020-08-10 00:00:00','5 DÍAS','5 DIAS',NULL,NULL,3,'GABRIELA ALEJANDRA BARRIOS REYNA',NULL,NULL,'LUIS HUMBERTO REYNA GURROLA','3E160EADA96C8934AB4C4CB36B751AE7',12,'MATERIALES INDUSTRIALES DE MEXICO, S.A. DE C.V. ',8,'CT00008'),(18,'2020-08-07 21:42:56','2020-08-07 21:42:56',0,'',0,'',8,'LUIS HUMBERTO REYNA GURROLA','EN PROCESO','','RQ00018','','FLECHA DE ACERO 4140','REQUISICION DE COMPRA','PDF','',0,'','','',NULL,NULL,0.00,0.0,0.00,0.0,0.00,0,'',1,'MEDIA','2020-08-10 00:00:00','5 DÍAS','5 DIAS',NULL,NULL,3,'GABRIELA ALEJANDRA BARRIOS REYNA',NULL,NULL,'LUIS HUMBERTO REYNA GURROLA','3E160EADA96C8934AB4C4CB36B751AE7',12,'MATERIALES INDUSTRIALES DE MEXICO, S.A. DE C.V. ',8,'CT00008'),(19,'2020-08-07 21:42:56','2020-08-07 21:42:56',0,'',0,'',8,'LUIS HUMBERTO REYNA GURROLA','EN PROCESO','','RQ00019','','FLECHA DE ACERO 4140','REQUISICION DE COMPRA','PDF','',0,'','','',NULL,NULL,0.00,0.0,0.00,0.0,0.00,0,'',1,'MEDIA','2020-08-10 00:00:00','5 DÍAS','5 DIAS',NULL,NULL,3,'GABRIELA ALEJANDRA BARRIOS REYNA',NULL,NULL,'LUIS HUMBERTO REYNA GURROLA','67C0EBD50D990222C28EE26CE74F47A1',12,'MATERIALES INDUSTRIALES DE MEXICO, S.A. DE C.V. ',8,'CT00008'),(20,'2020-08-11 21:55:40','2020-08-11 21:55:40',0,'',0,'',4,'VALERIA ALEJANDRINA ROSARIO JIMENEZ','EN PROCESO','','RQ00020','','SE ANEXA COTIZACION','REQUISICION DE COMPRA','PDF','',0,'','','',NULL,NULL,0.00,0.0,0.00,0.0,0.00,0,'',1,'ALTA','2020-08-11 00:00:00','','1 DIAS',NULL,NULL,2,'LUIS HUMBERTO GOMEZ TIBURCIO',NULL,NULL,'VALERIA ALEJANDRINA ROSARIO JIMENEZ','1D2B4E6AD7091C9A3BA25B2DA8653010',27,'CORESA PARTES Y EQUIPOS S.A. DE C.V.',NULL,''),(21,'2020-08-11 21:55:40','2020-08-11 21:55:40',0,'',0,'',4,'VALERIA ALEJANDRINA ROSARIO JIMENEZ','EN PROCESO','','RQ00021','','SE ANEXA COTIZACIÓN.','REQUISICION DE COMPRA','PDF','',0,'','','',NULL,NULL,0.00,0.0,0.00,0.0,0.00,0,'',1,'ALTA','2020-08-11 00:00:00','RECOGER EN SUCURSAL CENTRO.','1 DIAS',NULL,NULL,2,'LUIS HUMBERTO GOMEZ TIBURCIO',NULL,NULL,'VALERIA ALEJANDRINA ROSARIO JIMENEZ','ED47EE39E95D0C970800CA6FEFEBF654',27,'CORESA PARTES Y EQUIPOS S.A. DE C.V.',NULL,''),(22,'2020-08-11 21:55:40','2020-08-11 21:55:40',0,'',0,'',4,'VALERIA ALEJANDRINA ROSARIO JIMENEZ','EN PROCESO','','RQ00022','','SE ANEXA COTIZACIÓN.','REQUISICION DE COMPRA','PDF','',0,'','','',NULL,NULL,0.00,0.0,0.00,0.0,0.00,0,'',1,'ALTA','2020-08-12 00:00:00','RECOGER EN SUCURSAL CENTRO.','1 DIAS',NULL,NULL,2,'LUIS HUMBERTO GOMEZ TIBURCIO',NULL,NULL,'VALERIA ALEJANDRINA ROSARIO JIMENEZ','AA497A20FD0A789F6ACFEBBD2590B2C1',27,'CORESA PARTES Y EQUIPOS S.A. DE C.V.',NULL,''),(23,'2020-08-11 21:55:40','2020-08-11 21:55:40',0,'',0,'',4,'VALERIA ALEJANDRINA ROSARIO JIMENEZ','EN PROCESO','','RQ00023','','SE ANEXA COTIZACIÓN.','REQUISICION DE COMPRA','PDF','',0,'','','',NULL,NULL,0.00,0.0,0.00,0.0,0.00,0,'',1,'ALTA','2020-08-12 00:00:00','RECOGER EN SUCURSAL CENTRO.','1 DIAS',NULL,NULL,2,'LUIS HUMBERTO GOMEZ TIBURCIO',NULL,NULL,'VALERIA ALEJANDRINA ROSARIO JIMENEZ','82A974085D3160AE37DCAF7DB5766B28',27,'CORESA PARTES Y EQUIPOS S.A. DE C.V.',NULL,''),(24,'2020-08-11 21:55:40','2020-08-11 22:10:58',0,'',0,'',4,'VALERIA ALEJANDRINA ROSARIO JIMENEZ','CANCELADO','','RQ00024','','SE ANEXA COTIZACIÓN.','REQUISICION DE COMPRA','PDF','NO APARECEN LOS CAMPOS CORRESPONDIENTES',0,'','','',NULL,NULL,0.00,0.0,0.00,0.0,0.00,0,'',0,'ALTA','2020-08-11 00:00:00','RECOGER EN SUCURSAL CENTRO.','1 DIAS',NULL,NULL,2,'LUIS HUMBERTO GOMEZ TIBURCIO',NULL,NULL,'VALERIA ALEJANDRINA ROSARIO JIMENEZ','8EB6199F931CC671141DCEA7F495BE37',27,'CORESA PARTES Y EQUIPOS S.A. DE C.V.',24,'CT00028'),(25,'2020-08-11 21:55:40','2020-08-11 21:55:40',0,'',0,'',4,'VALERIA ALEJANDRINA ROSARIO JIMENEZ','EN PROCESO','','RQ00025','','SE ANEXA COTIZACIÓN.','REQUISICION DE COMPRA','PDF','',0,'','','',NULL,NULL,0.00,0.0,0.00,0.0,0.00,0,'',1,'ALTA','2020-08-12 00:00:00','RECOGER EN SUCURSAL CENTRO.','1 DIAS',NULL,NULL,2,'LUIS HUMBERTO GOMEZ TIBURCIO',NULL,NULL,'VALERIA ALEJANDRINA ROSARIO JIMENEZ','8EB6199F931CC671141DCEA7F495BE37',27,'CORESA PARTES Y EQUIPOS S.A. DE C.V.',24,'CT00028'),(26,'2020-08-11 22:20:51','2020-08-11 22:22:06',0,'',0,'',4,'VALERIA ALEJANDRINA ROSARIO JIMENEZ','POR AUTORIZAR','','RQ00026','','SE ANEXA COTIZACION','REQUISICION DE COMPRA','PDF','',0,'','','',NULL,NULL,0.00,0.0,0.00,0.0,0.00,0,'',1,'ALTA','2020-08-11 00:00:00','RECOGER EN SUCURSAL CENTRO','1 DIAS',NULL,NULL,2,'LUIS HUMBERTO GOMEZ TIBURCIO',NULL,NULL,'VALERIA ALEJANDRINA ROSARIO JIMENEZ','FB3A6E57F4D36C446B638E39306F5D60',27,'CORESA PARTES Y EQUIPOS S.A. DE C.V.',27,'CT00031'),(27,'2020-08-12 14:28:41','2020-08-13 19:28:08',0,'',0,'',5,'EDER ABEL MARISCAL ESCAMILLA','TERMINADO','','RQ00027','','ENVIO DE CODIGO DE PRODUCTOS\n\nGOU 0C06089A-1203 IMPELLER 6V W/ O-RINGS (MD:10.25\")\n316SS 3196 LTX 4X6-10G\n\n\n\nGOU RB10542-1203 IMPELLER W/ O-RINGS 6V (MD:13.00\")\n316SS 3196 MTX 3X4-13','REQUISICION DE COMPRA','PDF','',0,'','','',NULL,NULL,0.00,0.0,0.00,0.0,0.00,0,'',1,'ALTA','2020-08-13 00:00:00','4X6-10G EN 3 A 4 SEMANAS\n3X4-13 EN ALMACEN ','12 DIAS','2020-08-13 20:05:20','OC00003',3,'GABRIELA ALEJANDRA BARRIOS REYNA','2020-08-13 19:28:08','5ADE871D8D71FEB7010A0D42ACA15273','EDER ABEL MARISCAL ESCAMILLA','C8EFC02253D168C44264AC21C7D49684',17,'PROPART INC.',18,'CT00022'),(28,'2020-08-12 19:51:20','2020-08-13 19:28:30',0,'',0,'',5,'EDER ABEL MARISCAL ESCAMILLA','AUTORIZADO','','RQ00028','','','REQUISICION DE COMPRA','PDF','',0,'','','',NULL,NULL,0.00,0.0,0.00,0.0,0.00,0,'',1,'MEDIA','2020-08-13 00:00:00','INMEDIATO','8 DIAS',NULL,NULL,3,'GABRIELA ALEJANDRA BARRIOS REYNA','2020-08-13 19:28:30','998C1566FD44B724C96D1E6855A96CFC','EDER ABEL MARISCAL ESCAMILLA','63E2D939A7CFE64D88E083E58C5EAF4C',27,'CORESA PARTES Y EQUIPOS S.A. DE C.V.',28,'CT00032'),(29,'2020-08-13 16:16:52','2020-08-13 19:28:56',0,'',0,'',4,'VALERIA ALEJANDRINA ROSARIO JIMENEZ','AUTORIZADO','','RQ00029','','SE ANEXA COTIZACIÓN','REQUISICION DE COMPRA','PDF','',0,'','','',NULL,NULL,0.00,0.0,0.00,0.0,0.00,0,'',1,'ALTA','2020-08-13 00:00:00','','1 DIAS',NULL,NULL,3,'GABRIELA ALEJANDRA BARRIOS REYNA','2020-08-13 19:28:56','DE296BFB511878F3C34D4A5D19364175','VALERIA ALEJANDRINA ROSARIO JIMENEZ','532C2539CA0E0392B94E8222CAC887C2',20,'RODAMIENTOS Y ACCESORIOS S.A. DE C.V. ',23,'CT00027'),(30,'2020-08-13 21:18:33','2020-08-13 21:23:46',0,'',0,'',2,'LUIS HUMBERTO GOMEZ TIBURCIO','POR AUTORIZAR','','RQ00030','','','REQUISICION DE COMPRA','PDF','',0,'','','',NULL,NULL,0.00,0.0,0.00,0.0,0.00,0,'',1,'ALTA','2020-08-13 00:00:00','','10 DIAS',NULL,NULL,1,'JESUS ARMANDO SEQUERA LOYA',NULL,NULL,'LUIS HUMBERTO GOMEZ TIBURCIO','0D22D398E475D6EF3D856D78B642F580',30,'ESPECIALIDADES INDUSTRIALES STIGLITZ, S.A. DE C.V.',32,'CT00036'),(31,'2020-08-14 14:40:02','2020-08-14 14:40:02',0,'',0,'',5,'EDER ABEL MARISCAL ESCAMILLA','EN PROCESO','','RQ00031','','','REQUISICION DE COMPRA','PDF','',0,'','','',NULL,NULL,0.00,0.0,0.00,0.0,0.00,0,'',1,'ALTA','2020-08-14 00:00:00','','1 DIAS',NULL,NULL,3,'GABRIELA ALEJANDRA BARRIOS REYNA',NULL,NULL,'EDER ABEL MARISCAL ESCAMILLA','564C02807A3C0E83253B1CF5A99FF83C',3,' ABSORMEX CMPC TISSUE, S.A. DE C.V.',33,'CT00037'),(32,'2020-08-14 14:40:02','2020-08-14 14:40:02',0,'',0,'',5,'EDER ABEL MARISCAL ESCAMILLA','EN PROCESO','','RQ00032','','','REQUISICION DE COMPRA','PDF','',0,'','','',NULL,NULL,0.00,0.0,0.00,0.0,0.00,0,'',1,'ALTA','2020-08-14 00:00:00','','1 DIAS',NULL,NULL,3,'GABRIELA ALEJANDRA BARRIOS REYNA',NULL,NULL,'EDER ABEL MARISCAL ESCAMILLA','02D3ED1677FD4E5A50DB2C4680281CB6',3,' ABSORMEX CMPC TISSUE, S.A. DE C.V.',33,'CT00037'),(33,'2020-08-14 14:40:02','2020-08-14 17:21:55',0,'',0,'',5,'EDER ABEL MARISCAL ESCAMILLA','EN PROCESO','','RQ00033','','','REQUISICION DE COMPRA','PDF','',0,'','','',NULL,NULL,0.00,0.0,0.00,0.0,0.00,0,'',1,'MEDIA','2020-08-14 00:00:00','','1 DIAS',NULL,NULL,3,'GABRIELA ALEJANDRA BARRIOS REYNA',NULL,NULL,'EDER ABEL MARISCAL ESCAMILLA','DEC921450B30ACD6EE48890DD39B708E',3,' ABSORMEX CMPC TISSUE, S.A. DE C.V.',33,'CT00037');

/*Table structure for table `requisicion_det` */

DROP TABLE IF EXISTS `requisicion_det`;

CREATE TABLE `requisicion_det` (
  `id` int(10) NOT NULL AUTO_INCREMENT,
  `folio` varchar(100) DEFAULT NULL,
  `documento_id` int(10) DEFAULT NULL,
  `empresa_id` int(10) DEFAULT NULL,
  `empresa` varchar(100) DEFAULT NULL,
  `unidad_id` int(10) DEFAULT NULL,
  `unidad` varchar(100) DEFAULT NULL,
  `usuario_id` int(10) DEFAULT NULL,
  `usuario` varchar(100) DEFAULT NULL,
  `no_partida` int(10) DEFAULT NULL,
  `fecha_alta` datetime DEFAULT NULL,
  `producto_id` int(10) DEFAULT NULL,
  `descripcion` text CHARACTER SET utf8 COLLATE utf8_general_ci,
  `unidad_medida` varchar(100) DEFAULT NULL,
  `cantidad` int(10) DEFAULT NULL,
  `precio_unitario` double(15,2) DEFAULT NULL,
  `importe` double(15,2) DEFAULT NULL,
  `descuento` double(12,1) DEFAULT NULL,
  `subtotal` double(15,2) DEFAULT NULL,
  `porc_iva` int(10) DEFAULT NULL,
  `iva` double(12,1) DEFAULT NULL,
  `total` double(15,2) DEFAULT NULL,
  `servicio` tinyint(1) DEFAULT '1',
  `no_parte` varchar(20) DEFAULT NULL,
  `no_serie` varchar(20) DEFAULT NULL,
  `modelo` varchar(100) CHARACTER SET utf8 COLLATE utf8_general_ci DEFAULT NULL,
  `marca` varchar(100) CHARACTER SET utf8 COLLATE utf8_general_ci DEFAULT NULL,
  `codigo_interno` varchar(10) DEFAULT NULL,
  `codigo_proveedor` varchar(10) DEFAULT NULL,
  `partida_cotizacion_id` int(10) DEFAULT NULL,
  `cotizacion_id` int(10) DEFAULT NULL,
  `folio_cotizacion` varchar(50) DEFAULT NULL,
  PRIMARY KEY (`id`)
) ENGINE=InnoDB AUTO_INCREMENT=33 DEFAULT CHARSET=utf8;

/*Data for the table `requisicion_det` */

insert  into `requisicion_det`(`id`,`folio`,`documento_id`,`empresa_id`,`empresa`,`unidad_id`,`unidad`,`usuario_id`,`usuario`,`no_partida`,`fecha_alta`,`producto_id`,`descripcion`,`unidad_medida`,`cantidad`,`precio_unitario`,`importe`,`descuento`,`subtotal`,`porc_iva`,`iva`,`total`,`servicio`,`no_parte`,`no_serie`,`modelo`,`marca`,`codigo_interno`,`codigo_proveedor`,`partida_cotizacion_id`,`cotizacion_id`,`folio_cotizacion`) values (1,'RQ00001',1,0,'',0,'',5,'EDER ABEL MARISCAL ESCAMILLA',0,'2020-07-17 20:31:01',1,'COPLE ES10 OMEGA REXNOR ','PIEZA',1,6300.00,6300.00,0.0,6300.00,16,1008.0,7308.00,0,'','','ES10','OMEGA REXNOR ','1','20',NULL,NULL,NULL),(2,'RQ00002',2,0,'',0,'',5,'EDER ABEL MARISCAL ESCAMILLA',0,'2020-07-17 20:31:01',1,'COPLE ES10 OMEGA REXNOR ','PIEZA',1,6300.00,6300.00,0.0,6300.00,16,1008.0,7308.00,0,'','','ES10','OMEGA REXNOR ','1','20',NULL,NULL,NULL),(3,'RQ00003',3,0,'',0,'',5,'EDER ABEL MARISCAL ESCAMILLA',0,'2020-07-17 20:31:01',1,'COPLE ES10 OMEGA REXNOR ','PIEZA',1,6300.00,6300.00,0.0,6300.00,16,1008.0,7308.00,0,'','','ES10','OMEGA REXNOR ','1','20',NULL,NULL,NULL),(4,'RQ00004',4,0,'',0,'',5,'EDER ABEL MARISCAL ESCAMILLA',0,'2020-07-17 20:31:01',1,'COPLE ES10 OMEGA REXNOR ','PIEZA',1,6300.00,6300.00,0.0,6300.00,16,1008.0,7308.00,0,'','','ES10','OMEGA REXNOR ','1','20',NULL,NULL,NULL),(5,'RQ00005',5,NULL,NULL,NULL,NULL,NULL,NULL,0,'2020-07-20 15:44:49',2,'SILENCIADOR VTM-8','PIEZA',5,0.00,0.00,NULL,NULL,NULL,NULL,NULL,0,'VTM-8','-','E3','VERSAMATIC','2','10',1,1,'CT00001'),(6,'RQ00007',7,0,'',0,'',6,'KEREN LIZETH ECHEVERRIA GARCIA',0,'2020-07-20 21:28:01',2,'SILENCIADOR VTM-8','PIEZA',5,51.43,257.15,0.0,257.15,16,41.1,298.29,0,'VTM-8','-','E3','VERSAMATIC','2','10',NULL,NULL,NULL),(9,'RQ00008',8,0,'',0,'',6,'KEREN LIZETH ECHEVERRIA GARCIA',0,'2020-07-30 20:59:02',13,'SERVICIO DE MAQUINADO','PIEZA',1,0.00,0.00,0.0,0.00,16,0.0,0.00,0,'N/A','','N/A','','13',NULL,NULL,NULL,NULL),(10,'RQ00009',9,0,'',0,'',8,'LUIS HUMBERTO REYNA GURROLA',0,'2020-08-07 21:48:52',33,'FLECHA DE 4\" ','PIEZA',1,183.75,183.75,0.0,183.75,16,29.4,213.15,0,'','','4140','','33','3',NULL,NULL,NULL),(11,'RQ00010',10,0,'',0,'',8,'LUIS HUMBERTO REYNA GURROLA',0,'2020-08-07 21:48:52',33,'FLECHA DE 4\" ','PIEZA',1,183.75,183.75,0.0,183.75,16,29.4,213.15,0,'','','4140','','33','3',NULL,NULL,NULL),(12,'RQ00011',11,0,'',0,'',8,'LUIS HUMBERTO REYNA GURROLA',0,'2020-08-07 21:48:52',33,'FLECHA DE 4\" ','PIEZA',1,183.75,183.75,0.0,183.75,16,29.4,213.15,0,'','','4140','','33','3',NULL,NULL,NULL),(13,'RQ00012',12,0,'',0,'',8,'LUIS HUMBERTO REYNA GURROLA',0,'2020-08-07 21:48:52',33,'FLECHA DE 4\" ','PIEZA',1,183.75,183.75,0.0,183.75,16,29.4,213.15,0,'','','4140','','33','12',NULL,NULL,NULL),(14,'RQ00013',13,0,'',0,'',8,'LUIS HUMBERTO REYNA GURROLA',0,'2020-08-07 21:48:52',33,'FLECHA DE 4\" ','PIEZA',1,183.75,183.75,0.0,183.75,16,29.4,213.15,0,'','','4140','','33','12',NULL,NULL,NULL),(15,'RQ00014',14,0,'',0,'',8,'LUIS HUMBERTO REYNA GURROLA',0,'2020-08-07 21:48:52',33,'FLECHA DE 4\" ','PIEZA',1,183.75,183.75,0.0,183.75,16,29.4,213.15,0,'','','4140','','33','12',NULL,NULL,NULL),(16,'RQ00015',15,0,'',0,'',8,'LUIS HUMBERTO REYNA GURROLA',0,'2020-08-07 21:48:52',33,'FLECHA DE 4\" ','PIEZA',1,183.75,183.75,0.0,183.75,16,29.4,213.15,0,'','','4140','','33','12',NULL,NULL,NULL),(17,'RQ00016',16,0,'',0,'',8,'LUIS HUMBERTO REYNA GURROLA',0,'2020-08-07 21:48:52',33,'FLECHA DE 4\" ','PIEZA',1,183.75,183.75,0.0,183.75,16,29.4,213.15,0,'','','4140','','33','12',NULL,NULL,NULL),(18,'RQ00017',17,0,'',0,'',8,'LUIS HUMBERTO REYNA GURROLA',0,'2020-08-07 21:48:52',33,'FLECHA DE 4\" ','PIEZA',1,183.75,183.75,0.0,183.75,16,29.4,213.15,0,'','','4140','','33','12',NULL,NULL,NULL),(19,'RQ00017',17,0,'',0,'',8,'LUIS HUMBERTO REYNA GURROLA',0,'2020-08-07 21:54:21',33,'FLECHA DE 4\" ','PIEZA',1,183.75,183.75,0.0,183.75,16,29.4,213.15,0,'','','4140','','33',NULL,NULL,NULL,NULL),(20,'RQ00018',18,0,'',0,'',8,'LUIS HUMBERTO REYNA GURROLA',0,'2020-08-07 21:48:52',33,'FLECHA DE 4\" ','PIEZA',1,183.75,183.75,0.0,183.75,16,29.4,213.15,0,'','','4140','','33','12',NULL,NULL,NULL),(21,'RQ00019',19,0,'',0,'',8,'LUIS HUMBERTO REYNA GURROLA',0,'2020-08-07 21:48:52',33,'FLECHA DE 4\" ','PIEZA',1,183.75,183.75,0.0,183.75,16,29.4,213.15,0,'','','4140','','33','12',NULL,NULL,NULL),(24,'RQ00027',27,0,'',0,'',5,'EDER ABEL MARISCAL ESCAMILLA',0,'2020-08-13 15:53:12',29,'IMPULSOR PARA BOMBA GOULDS 3196 LTI 4X6-10G EN 316-SS, DIÁMETRO DE 10\" ','PIEZA',1,990.00,990.00,0.0,990.00,16,158.4,1148.40,0,'GOU 0C06089A-1203','','3196 LTI 4X6-10G EN 316-SS','GOULDS','29',NULL,NULL,NULL,NULL),(25,'RQ00027',27,0,'',0,'',5,'EDER ABEL MARISCAL ESCAMILLA',0,'2020-08-13 16:03:39',30,'IMPULSOR PARA BOMBA GOULDS 3196 MTI 3X4-13 EN 316-SS, DIÁMETRO DE 13\" ','PIEZA',1,695.00,695.00,0.0,695.00,16,111.2,806.20,0,'GOU RB10542-1203','','3196 MTI 3X4-13 EN 316-SS','GOULDS','30',NULL,NULL,NULL,NULL),(26,'RQ00028',28,0,'',0,'',5,'EDER ABEL MARISCAL ESCAMILLA',0,'2020-08-13 16:09:04',44,'BOMBA NEUMÁTICA MARCA ASPEN','PIEZA',1,1848.03,1848.03,0.0,1848.03,16,295.7,2143.71,0,'','','MINI ORANGE (FP 2473)','MARCA ASPEN ','44',NULL,NULL,NULL,NULL),(27,'RQ00029',29,NULL,NULL,NULL,NULL,NULL,NULL,0,'2020-08-13 16:18:37',41,'ELEMENTO SE Y MASAS PARA COPLE TAMAÑO 10 (MAQUINADOS SEGÚN MUESTRA)','PIEZA',1,0.00,0.00,NULL,NULL,NULL,NULL,NULL,0,'','','','','41','20',61,23,'CT00027'),(28,'RQ00029',29,NULL,NULL,NULL,NULL,NULL,NULL,0,'2020-08-13 16:18:37',40,'RODAMIENTO 6309 SKF Y 3309 A/C3 SKF PARA BOMBA 3196 MTX, 4X6-13.','PIEZA',1,0.00,0.00,NULL,NULL,NULL,NULL,NULL,0,'','','','','40','20',60,23,'CT00027'),(29,'RQ00031',31,0,'',0,'',5,'EDER ABEL MARISCAL ESCAMILLA',0,'2020-08-14 14:43:36',50,'RECORTE DE IMPULSOR 3X4-13','SERVICIO',1,2800.00,2800.00,0.0,2800.00,16,448.0,3248.00,0,'','','','','50','3',NULL,NULL,NULL),(30,'RQ00032',32,0,'',0,'',5,'EDER ABEL MARISCAL ESCAMILLA',0,'2020-08-14 14:43:36',50,'RECORTE DE IMPULSOR 3X4-13','SERVICIO',1,2800.00,2800.00,0.0,2800.00,16,448.0,3248.00,0,'','','','','50','3',NULL,NULL,NULL),(32,'RQ00033',33,0,'',0,'',5,'EDER ABEL MARISCAL ESCAMILLA',0,'2020-08-14 17:21:54',43,'BOMBA CENTRIFUGA KSB ETNY100-080-160 SG 3X4-8','PIEZA',1,6168.00,6168.00,0.0,6168.00,16,986.9,7154.88,0,'','','ETNY100-080-160 SG ','KSB','43',NULL,NULL,NULL,NULL);

/*Table structure for table `view_COTIZACIONES_SIN_REQUISICION` */

DROP TABLE IF EXISTS `view_COTIZACIONES_SIN_REQUISICION`;

/*!50001 DROP VIEW IF EXISTS `view_COTIZACIONES_SIN_REQUISICION` */;
/*!50001 DROP TABLE IF EXISTS `view_COTIZACIONES_SIN_REQUISICION` */;

/*!50001 CREATE TABLE  `view_COTIZACIONES_SIN_REQUISICION`(
 `view_cotizacion_id` int(10) 
)*/;

/*View structure for view view_COTIZACIONES_SIN_REQUISICION */

/*!50001 DROP TABLE IF EXISTS `view_COTIZACIONES_SIN_REQUISICION` */;
/*!50001 DROP VIEW IF EXISTS `view_COTIZACIONES_SIN_REQUISICION` */;

/*!50001 CREATE ALGORITHM=UNDEFINED DEFINER=`root`@`localhost` SQL SECURITY DEFINER VIEW `view_COTIZACIONES_SIN_REQUISICION` AS select distinct `cotizacion_venta_det`.`documento_id` AS `view_cotizacion_id` from `cotizacion_venta_det` where ((`cotizacion_venta_det`.`requisicion_id` = 0) or isnull(`cotizacion_venta_det`.`requisicion_id`)) */;

/*!40101 SET SQL_MODE=@OLD_SQL_MODE */;
/*!40014 SET FOREIGN_KEY_CHECKS=@OLD_FOREIGN_KEY_CHECKS */;
/*!40014 SET UNIQUE_CHECKS=@OLD_UNIQUE_CHECKS */;
/*!40111 SET SQL_NOTES=@OLD_SQL_NOTES */;
